交易標的,土地區段位置/建物區段門牌,交易年月日,交易筆棟數,移轉層次,總樓層數,建物型態,屋齡,建物移轉總面積(平方公尺),建物現況格局-房,建物現況格局-廳,建物現況格局-衛,建物現況格局-隔間,有無管理組織,總價(元),單價(元/平方公尺),車位總價(元),移轉編號
transaction sign,land sector position building sector house number plate,transaction year month and day,transaction pen number,shifting level,total floor number,building state,room age,building shifting total area,Building present situation pattern - room,building present situation pattern - hall,building present situation pattern - health,building present situation pattern - compartmented,Whether there is manages the organization,total price NTD,the unit price (NTD / square meter),the berth total price NTD,
土地,崁後段南崁小段421~450地號,1091015,土地1建物0車位0,,,其他,-1,0.0,0,0,0,有,無,1161600,3025,0,0001
土地,崁後段南崁小段421~450地號,1091124,土地1建物0車位0,,,其他,-1,0.0,0,0,0,有,無,1161600,3025,0,0001
土地,港墘段港墘小段331~360地號,1050625,土地2建物0車位0,,,其他,0,0.0,0,0,0,有,無,5000000,2615,0,0002
土地,港墘段港墘小段331~360地號,1091107,土地2建物0車位0,,,其他,-1,0.0,0,0,0,有,無,5500000,2877,0,0002
房地(土地+建物),坪頂村溪民路25巷31~60號,1091007,土地1建物1車位0,全,三層,透天厝,1,172.43,4,2,4,有,無,7950000,46106,0,0003
房地(土地+建物),坪頂村溪民路25巷31~60號,1091125,土地1建物1車位0,全,三層,透天厝,1,172.43,4,5,1,有,無,7850000,45526,0,0003
土地,後庄段121~150地號,1091026,土地1建物0車位0,,,其他,-1,0.0,0,0,0,有,無,770000,7369,0,0004
土地,後庄段121~150地號,1091126,土地1建物0車位0,,,其他,-1,0.0,0,0,0,有,無,86000,7557,0,0004
土地,後庄段121~150地號,1091126,土地1建物0車位0,,,其他,-1,0.0,0,0,0,有,無,168250,7548,0,0004
房地(土地+建物),嘉義縣太保市北新里12鄰中山路一段228巷1~30號,1090421,土地1建物1車位0,一層，二層，地下層,十二層,住宅大樓(11層含以上有電梯),25,460.76,3,2,2,有,有,2950000,6402,0,0006
房地(土地+建物),北新里12鄰中山路一段228巷1~30號,1091123,土地1建物1車位0,一層，二層，地下層,十二層,住宅大樓(11層含以上有電梯),25,460.76,0,0,0,無,有,8300000,18014,0,0006
房地(土地+建物),嘉義縣民雄鄉文隆村山腳1~30號,1080617,土地2建物1車位0,全,二層,透天厝,42,126.28,3,2,2,有,無,3000000,23757,0,0007
房地(土地+建物),嘉義縣民雄鄉文隆村山腳1~30號,1090207,土地2建物1車位0,全,二層,透天厝,42,126.28,2,2,2,有,無,3000000,23757,0,0007
房地(土地+建物),文隆村山腳1~30號,1091202,土地2建物1車位0,全,二層,透天厝,43,126.28,3,2,2,有,無,3000000,23757,0,0007
土地,頂寮段中廣小段481~510地號,1091014,土地1建物0車位0,,,其他,-1,0.0,0,0,0,有,無,28000,903,0,0008
土地,頂寮段中廣小段481~510地號,1091127,土地1建物0車位0,,,其他,-1,0.0,0,0,0,有,無,30000,968,0,0008
土地,科子林段601~630地號,1091126,土地1建物0車位0,,,其他,0,0.0,0,0,0,有,無,1070000,619,0,0009
土地,科子林段601~630地號,1091120,土地1建物0車位0,,,其他,-1,0.0,0,0,0,有,無,540000,624,0,0009
土地,科子林段601~630地號,1100304,土地1建物0車位0,,,其他,-1,0.0,0,0,0,有,無,2600000,752,0,0009
土地,溪心段631~660地號,1040320,土地1建物0車位0,,,其他,0,0.0,0,0,0,有,無,2868600,1516,0,0010
土地,溪心段631~660地號,1091111,土地1建物0車位0,,,其他,-1,0.0,0,0,0,有,無,2433000,2571,0,0010
土地,埔心段埔心小段631~660地號,1030526,土地2建物0車位0,,,其他,0,0.0,0,0,0,有,無,4523850,1350,0,0011
土地,埔心段埔心小段631~660地號,1091119,土地1建物0車位0,,,其他,-1,0.0,0,0,0,有,無,6800000,2029,0,0011
房地(土地+建物)+車位,嘉義縣太保市安仁里縣府三街1~30號,1080418,土地1建物1車位1,五層,八層,華廈(10層含以下有電梯),0,117.87,2,1,1,有,有,4400000,34559,500000,0012
房地(土地+建物)+車位,安仁里縣府三街1~30號,1091114,土地1建物1車位1,五層,八層,華廈(10層含以下有電梯),2,118.12,2,1,1,有,有,4500000,38097,0,0012
土地,鹿北段1501~1530地號,1091030,土地2建物0車位0,,,其他,-1,0.0,0,0,0,有,無,412100,10475,0,0013
土地,鹿北段1501~1530地號,1091218,土地2建物0車位0,,,其他,-1,0.0,0,0,0,有,無,58870,10475,0,0013
土地,鹿北段1501~1530地號,1100328,土地2建物0車位0,,,其他,-1,0.0,0,0,0,有,無,159300,8860,0,0013
房地(土地+建物),嘉義縣民雄鄉興南村頭橋691~720號,1031130,土地2建物1車位0,五層,五層,公寓(5樓含以下無電梯),22,99.03999999999999,3,2,2,有,有,1020000,10299,0,0014
房地(土地+建物),興南村頭橋691~720號,1091102,土地2建物1車位0,五層,五層,公寓(5樓含以下無電梯),28,99.03999999999999,3,2,2,有,有,1800000,18174,0,0014
房地(土地+建物),興南村頭橋691~720號,1100304,土地2建物1車位0,五層,五層,公寓(5樓含以下無電梯),28,99.03999999999999,3,2,2,有,有,2180000,22011,0,0014
房地(土地+建物),嘉義縣民雄鄉北斗村北勢子631~660號,1030528,土地1建物1車位0,全,三層,透天厝,21,153.93,4,2,3,有,無,4120000,26765,0,0015
房地(土地+建物),北斗村北勢子631~660號,1091109,土地1建物1車位0,全,三層,透天厝,27,153.93,3,3,3,有,無,5000000,32482,0,0015
土地,豐收段541~570地號,1080808,土地4建物0車位0,,,其他,0,0.0,0,0,0,有,無,7795500,2118,0,0016
土地,豐收段541~570地號,1091202,土地3建物0車位0,,,其他,-1,0.0,0,0,0,有,無,591544,2117,0,0016
房地(土地+建物),山中村牛斗山421~450號,1090630,土地1建物1車位0,全,一層,透天厝,38,65.96,5,2,2,有,無,2630000,39873,0,0017
房地(土地+建物),山中村牛斗山421~450號,1091115,土地1建物1車位0,全,一層,透天厝,38,65.96,5,3,2,有,無,2850000,43208,0,0017
土地,竹子腳段竹嘉小段1831~1860地號,1080807,土地2建物0車位0,,,其他,0,0.0,0,0,0,有,無,1400000,3194,0,0018
土地,竹子腳段竹嘉小段1831~1860地號,1091204,土地1建物0車位0,,,其他,-1,0.0,0,0,0,有,無,500000,4701,0,0018
房地(土地+建物),嘉義縣朴子市朴子三路169巷1~30號,1030926,土地1建物1車位0,二層,十層,華廈(10層含以下有電梯),9,23.08,1,1,1,有,有,360000,15598,0,0019
房地(土地+建物),朴子三路169巷1~30號,1091122,土地1建物1車位0,二層,十層,套房(1房1廳1衛),15,23.08,1,1,1,有,有,850000,36828,0,0019
土地,南靖段南和小段301~330地號,1020513,土地1建物0車位0,,,其他,-1,0.0,0,0,0,有,無,700000,3622,0,0020
土地,南靖段南和小段301~330地號,1061215,土地1建物0車位0,,,其他,0,0.0,0,0,0,有,無,500000,2587,0,0020
土地,南靖段南和小段301~330地號,1070115,土地1建物0車位0,,,其他,0,0.0,0,0,0,有,無,500000,2587,0,0020
土地,南靖段南和小段301~330地號,1091124,土地1建物0車位0,,,其他,-1,0.0,0,0,0,有,無,700000,3622,0,0020
土地,轆子腳段301~330地號,1090604,土地2建物0車位0,,,其他,-1,0.0,0,0,0,有,無,570000,213,0,0021
土地,轆子腳段301~330地號,1091023,土地2建物0車位0,,,其他,-1,0.0,0,0,0,有,無,1550000,580,0,0021
房地(土地+建物)+車位,嘉義縣太保市春珠里保鐵一路二段91~120號,1060531,土地1建物1車位1,十層,十六層,住宅大樓(11層含以上有電梯),0,182.35,3,2,2,有,有,7130000,42235,690000,0022
房地(土地+建物)+車位,春珠里保鐵一路二段91~120號,1091007,土地1建物1車位1,十層,十六層,住宅大樓(11層含以上有電梯),3,182.35,3,2,2,有,有,7360000,40362,0,0022
房地(土地+建物),嘉義縣水上鄉義興村番子寮1~30號,1050829,土地1建物1車位0,全,二層,透天厝,35,70.12,2,1,2,有,無,970000,13833,0,0023
房地(土地+建物),嘉義縣水上鄉義興村番子寮1~30號,1051228,土地1建物1車位0,全,二層,透天厝,36,70.12,2,1,2,有,無,1100000,15687,0,0023
房地(土地+建物),義興村番子寮1~30號,1091115,土地1建物1車位0,全,二層,透天厝,39,70.12,2,2,2,有,無,1900000,27096,0,0023
房地(土地+建物),嘉義縣水上鄉民生村自強街1巷1~30號,1070614,土地4建物1車位0,全,三層,透天厝,36,118.99,4,2,2,有,無,3800000,31935,0,0024
房地(土地+建物),民生村自強街1巷1~30號,1091106,土地4建物1車位0,全,三層,透天厝,38,118.99,5,2,4,有,無,6250000,52525,0,0024
房地(土地+建物)+車位,嘉義縣太保市春珠里保鐵一路二段91~120號,1060707,土地1建物1車位1,八層,十六層,住宅大樓(11層含以上有電梯),0,134.2,2,2,1,有,有,5480000,45337,750000,0025
房地(土地+建物)+車位,春珠里保鐵一路二段91~120號,1091109,土地1建物1車位1,八層,十六層,住宅大樓(11層含以上有電梯),4,134.2,1,2,1,有,有,5400000,40238,0,0025
土地,豐收段841~870地號,1091109,土地2建物0車位0,,,其他,-1,0.0,0,0,0,有,無,781306,9933,0,0026
土地,豐收段841~870地號,1091021,土地2建物0車位0,,,其他,-1,0.0,0,0,0,有,無,4000000,9584,0,0026
房地(土地+建物),嘉義縣朴子市仁和二路121~150號,1030505,土地1建物1車位0,四層,八層,套房(1房1廳1衛),8,25.04,1,1,1,有,有,390000,15575,0,0027
房地(土地+建物),仁和二路121~150號,1091127,土地1建物1車位0,四層,八層,套房(1房1廳1衛),14,25.04,1,1,1,有,有,530000,21166,0,0027
土地,埤頭段共和小段601~630地號,1060722,土地1建物0車位0,,,其他,0,0.0,0,0,0,有,無,3320000,1577,0,0028
土地,埤頭段共和小段601~630地號,1091114,土地1建物0車位0,,,其他,-1,0.0,0,0,0,有,無,4200000,1995,0,0028
土地,東湖段991~1020地號,1040917,土地2建物0車位0,,,其他,0,0.0,0,0,0,有,無,400000,6682,0,0029
土地,東湖段991~1020地號,1050516,土地2建物0車位0,,,其他,0,0.0,0,0,0,有,無,400000,6682,0,0029
土地,東湖段991~1020地號,1091126,土地2建物0車位0,,,其他,-1,0.0,0,0,0,有,無,1000000,6386,0,0029
土地,水西段391~420地號,1090805,土地4建物0車位0,,,其他,-1,0.0,0,0,0,有,無,9000000,18607,0,0030
土地,水西段391~420地號,1091127,土地4建物0車位0,,,其他,-1,0.0,0,0,0,有,無,9000000,18607,0,0030
土地,龍潭段511~540地號,1091129,土地2建物0車位0,,,其他,-1,0.0,0,0,0,有,無,1190000,8683,0,0031
土地,龍潭段511~540地號,1091205,土地2建物0車位0,,,其他,-1,0.0,0,0,0,有,無,124000,8745,0,0031
土地,龍潭段511~540地號,1091205,土地2建物0車位0,,,其他,-1,0.0,0,0,0,有,無,124000,8745,0,0031
土地,龍潭段511~540地號,1100407,土地2建物0車位0,,,其他,-1,0.0,0,0,0,有,無,1240000,9048,0,0031
土地,龍德段1381~1410地號,1090925,土地2建物0車位0,,,其他,-1,0.0,0,0,0,有,無,1000000,9171,0,0032
土地,龍德段1381~1410地號,1091207,土地2建物0車位0,,,其他,-1,0.0,0,0,0,有,無,1080000,9905,0,0032
土地,灣北段361~390地號,1061130,土地1建物0車位0,,,其他,0,0.0,0,0,0,有,無,250000,464,0,0033
土地,灣北段361~390地號,1091129,土地1建物0車位0,,,其他,-1,0.0,0,0,0,有,無,250000,464,0,0033
土地,梅東段1651~1680地號,1010903,土地3建物0車位0,,,其他,-1,0.0,0,0,0,有,無,5700000,28480,0,0034
土地,梅東段1741~1770地號,1091107,土地2建物0車位0,,,其他,-1,0.0,0,0,0,有,無,1050000,15623,0,0034
土地,梅東段1741~1770地號,1100315,土地3建物0車位0,,,其他,-1,0.0,0,0,0,有,無,2500000,12491,0,0034
土地,朴工段1~30地號,1070521,土地1建物0車位0,,,其他,0,0.0,0,0,0,有,無,4290000,11786,0,0035
土地,朴工段1~30地號,1091019,土地1建物0車位0,,,其他,-1,0.0,0,0,0,有,無,6160000,16923,0,0035
土地,朴工段1~30地號,1081008,土地1建物0車位0,,,其他,0,0.0,0,0,0,有,無,1255000,15120,0,0036
土地,朴工段1~30地號,1091019,土地1建物0車位0,,,其他,-1,0.0,0,0,0,有,無,1410000,16988,0,0036
房地(土地+建物),嘉義縣大林鎮好收121~150號,1020917,土地1建物1車位0,三層,五層,套房(1房1廳1衛),18,27.92,1,1,1,有,無,500000,17908,0,0037
房地(土地+建物),豊收村好收121~150號,1091125,土地1建物1車位0,三層,五層,公寓(5樓含以下無電梯),26,39.59,0,0,0,無,無,600000,15155,0,0037
房地(土地+建物),嘉義縣竹崎鄉獅埜村1鄰東義1~30號,1031117,土地1建物1車位0,全,二層,透天厝,33,113.32,3,2,2,有,無,1680000,14825,0,0039
房地(土地+建物),獅埜村1鄰東義1~30號,1091116,土地1建物1車位0,全,二層,透天厝,39,113.32,2,2,2,有,無,2780000,24532,0,0039
土地,樟樹坪段1~30地號,1091126,土地1建物0車位0,,,其他,-1,0.0,0,0,0,有,無,131000,591,0,0040
土地,樟樹坪段1~30地號,1091126,土地1建物0車位0,,,其他,-1,0.0,0,0,0,有,無,131000,591,0,0040
土地,樟樹坪段1~30地號,1091231,土地2建物0車位0,,,其他,-1,0.0,0,0,0,有,無,186446,423,0,0040
土地,樟樹坪段1~30地號,1091126,土地1建物0車位0,,,其他,-1,0.0,0,0,0,有,無,722000,323,0,0041
土地,樟樹坪段1~30地號,1091126,土地1建物0車位0,,,其他,-1,0.0,0,0,0,有,無,722000,323,0,0041
土地,樟樹坪段1~30地號,1091231,土地1建物0車位0,,,其他,-1,0.0,0,0,0,有,無,126796,352,0,0041
土地,新寮段931~960地號,1091120,土地1建物0車位0,,,其他,-1,0.0,0,0,0,有,無,16747,3496,0,0042
土地,新寮段931~960地號,1091120,土地1建物0車位0,,,其他,-1,0.0,0,0,0,有,無,4187,3489,0,0042
土地,新寮段931~960地號,1091120,土地1建物0車位0,,,其他,-1,0.0,0,0,0,有,無,4187,3489,0,0042
土地,新寮段931~960地號,1091120,土地1建物0車位0,,,其他,-1,0.0,0,0,0,有,無,4187,3489,0,0042
土地,新寮段931~960地號,1091120,土地1建物0車位0,,,其他,-1,0.0,0,0,0,有,無,4187,3489,0,0042
土地,新寮段931~960地號,1091120,土地1建物0車位0,,,其他,-1,0.0,0,0,0,有,無,7257,3506,0,0042
土地,新寮段931~960地號,1091120,土地1建物0車位0,,,其他,-1,0.0,0,0,0,有,無,16747,3496,0,0042
土地,新寮段931~960地號,1091120,土地1建物0車位0,,,其他,-1,0.0,0,0,0,有,無,8374,3504,0,0042
土地,新寮段931~960地號,1091120,土地1建物0車位0,,,其他,-1,0.0,0,0,0,有,無,11165,3500,0,0042
土地,新寮段931~960地號,1091120,土地1建物0車位0,,,其他,-1,0.0,0,0,0,有,無,5024,3489,0,0042
土地,新寮段931~960地號,1091120,土地1建物0車位0,,,其他,-1,0.0,0,0,0,有,無,1675,0,0,0042
土地,新寮段931~960地號,1091120,土地1建物0車位0,,,其他,-1,0.0,0,0,0,有,無,3350,0,0,0042
土地,新寮段931~960地號,1091120,土地1建物0車位0,,,其他,-1,0.0,0,0,0,有,無,6698,3507,0,0042
土地,新寮段931~960地號,1091120,土地1建物0車位0,,,其他,-1,0.0,0,0,0,有,無,3350,0,0,0042
土地,新寮段931~960地號,1091120,土地1建物0車位0,,,其他,-1,0.0,0,0,0,有,無,3350,0,0,0042
土地,新寮段901~930地號,1091120,土地5建物0車位0,,,其他,-1,0.0,0,0,0,有,無,918068,3500,0,0049
土地,新寮段901~930地號,1091120,土地5建物0車位0,,,其他,-1,0.0,0,0,0,有,無,918067,3500,0,0049
土地,新寮段901~930地號,1091120,土地1建物0車位0,,,其他,-1,0.0,0,0,0,有,無,5525573,3500,0,0051
土地,新寮段901~930地號,1091120,土地1建物0車位0,,,其他,-1,0.0,0,0,0,有,無,5525572,3500,0,0051
土地,建國段751~780地號,1090603,土地1建物0車位0,,,其他,-1,0.0,0,0,0,有,無,364700,1734,0,0061
土地,建國段751~780地號,1090731,土地1建物0車位0,,,其他,-1,0.0,0,0,0,有,無,485800,21140,0,0061
土地,建國段751~780地號,1091209,土地1建物0車位0,,,其他,-1,0.0,0,0,0,有,無,750000,18652,0,0061
土地,祥和段421~450地號,1080815,土地8建物0車位0,,,其他,0,0.0,0,0,0,有,無,20000000,17095,0,0064
土地,祥和段421~450地號,1091002,土地20建物0車位0,,,其他,-1,0.0,0,0,0,有,無,26058600,18754,0,0064
土地,子科段,1091024,土地2建物0車位0,,,其他,-1,0.0,0,0,0,有,無,450000,313,0,0065
土地,子科段,1091120,土地2建物0車位0,,,其他,-1,0.0,0,0,0,有,無,450000,313,0,0065
土地,民農段811~840地號,1040325,土地3建物0車位0,,,其他,0,0.0,0,0,0,有,無,680000,7036,0,0066
土地,民農段811~840地號,1060821,土地10建物0車位0,,,其他,0,0.0,0,0,0,有,無,1556880,23589,0,0066
土地,民農段811~840地號,1061020,土地10建物0車位0,,,其他,0,0.0,0,0,0,有,無,1200000,18182,0,0066
土地,民農段811~840地號,1070919,土地10建物0車位0,,,其他,0,0.0,0,0,0,有,無,3197350,19659,0,0066
土地,民農段811~840地號,1070919,土地10建物0車位0,,,其他,0,0.0,0,0,0,有,無,1297400,19658,0,0066
土地,民農段811~840地號,1081004,土地10建物0車位0,,,其他,0,0.0,0,0,0,有,無,3892850,19661,0,0066
土地,民農段811~840地號,1090218,土地10建物0車位0,,,其他,0,0.0,0,0,0,有,無,6487400,19659,0,0066
土地,民農段811~840地號,1090218,土地10建物0車位0,,,其他,0,0.0,0,0,0,有,無,1297400,19658,0,0066
土地,民農段811~840地號,1091016,土地10建物0車位0,,,其他,-1,0.0,0,0,0,有,無,5190000,19659,0,0066
土地,民農段811~840地號,1091019,土地10建物0車位0,,,其他,-1,0.0,0,0,0,有,無,1342250,24029,0,0066
土地,民農段811~840地號,1091015,土地3建物0車位0,,,其他,-1,0.0,0,0,0,有,無,709150,19655,0,0066
土地,民農段811~840地號,1091020,土地10建物0車位0,,,其他,-1,0.0,0,0,0,有,無,2595000,19659,0,0066
土地,民農段811~840地號,1091025,土地10建物0車位0,,,其他,-1,0.0,0,0,0,有,無,3460150,19660,0,0066
土地,民農段811~840地號,1091008,土地10建物0車位0,,,其他,-1,0.0,0,0,0,有,無,5190000,6553,0,0066
土地,民農段811~840地號,1091103,土地10建物0車位0,,,其他,-1,0.0,0,0,0,有,無,10541520,19965,0,0066
土地,民農段811~840地號,1091019,土地10建物0車位0,,,其他,-1,0.0,0,0,0,有,無,3460150,19660,0,0066
土地,民農段811~840地號,1060821,土地12建物0車位0,,,其他,0,0.0,0,0,0,有,無,55400,3021,0,0068
土地,民農段811~840地號,1061020,土地14建物0車位0,,,其他,0,0.0,0,0,0,有,無,50000,2726,0,0068
土地,民農段811~840地號,1070919,土地14建物0車位0,,,其他,0,0.0,0,0,0,有,無,111000,3026,0,0068
土地,民農段811~840地號,1081004,土地14建物0車位0,,,其他,0,0.0,0,0,0,有,無,166300,3023,0,0068
土地,民農段811~840地號,1090218,土地14建物0車位0,,,其他,0,0.0,0,0,0,有,無,55400,3021,0,0068
土地,民農段811~840地號,1090803,土地1建物0車位0,,,其他,-1,0.0,0,0,0,有,無,700,0,0,0068
土地,民農段811~840地號,1091012,土地14建物0車位0,,,其他,-1,0.0,0,0,0,有,無,318000,3024,0,0068
土地,民農段811~840地號,1091020,土地14建物0車位0,,,其他,-1,0.0,0,0,0,有,無,110900,3023,0,0068
土地,民農段811~840地號,1091025,土地14建物0車位0,,,其他,-1,0.0,0,0,0,有,無,147900,3025,0,0068
土地,民農段811~840地號,1091008,土地14建物0車位0,,,其他,-1,0.0,0,0,0,有,無,221800,3024,0,0068
土地,民農段811~840地號,1091110,土地14建物0車位0,,,其他,-1,0.0,0,0,0,有,無,221800,1514,0,0068
土地,民農段811~840地號,1091019,土地14建物0車位0,,,其他,-1,0.0,0,0,0,有,無,147900,3025,0,0068
土地,民農段811~840地號,1090803,土地1建物0車位0,,,其他,-1,0.0,0,0,0,有,無,1200,0,0,0070
土地,民農段811~840地號,1091019,土地14建物0車位0,,,其他,-1,0.0,0,0,0,有,無,107200,3026,0,0070
土地,民農段811~840地號,1091103,土地13建物0車位0,,,其他,-1,0.0,0,0,0,有,無,221400,3025,0,0070
房地(土地+建物),嘉義縣大林鎮大美里大埔美331~360號,1060418,土地1建物1車位0,全,二層,透天厝,37,98.65,3,2,2,有,無,360000,3649,0,0071
房地(土地+建物),大美里大埔美331~360號,1091120,土地1建物1車位0,全,二層,透天厝,41,98.65,3,2,2,有,無,4500000,45616,0,0071
土地,嘉新段691~720地號,1080829,土地1建物0車位0,,,其他,0,0.0,0,0,0,有,無,71332,30225,0,0072
土地,嘉新段691~720地號,1080822,土地1建物0車位0,,,其他,0,0.0,0,0,0,有,無,142664,30225,0,0072
土地,嘉新段691~720地號,1091210,土地1建物0車位0,,,其他,-1,0.0,0,0,0,有,無,260000,29988,0,0072
土地,嘉新段691~720地號,1100224,土地1建物0車位0,,,其他,-1,0.0,0,0,0,有,無,350000,70707,0,0072
房地(土地+建物),嘉義縣大埔鄉西興村菜瓜坪1~30號,1050104,土地1建物1車位0,全,二層,透天厝,17,111.85,4,2,4,有,無,2600000,23245,0,0073
房地(土地+建物),西興村菜瓜坪1~30號,1091002,土地1建物1車位0,全,二層,透天厝,21,111.85,5,3,3,有,無,2500000,22351,0,0073
土地,樟樹坪段961~990地號,1091007,土地1建物0車位0,,,其他,-1,0.0,0,0,0,有,無,370000,184,0,0074
土地,樟樹坪段961~990地號,1091210,土地1建物0車位0,,,其他,-1,0.0,0,0,0,有,無,185000,184,0,0074
土地,九芎坑段31~60地號,1020319,土地1建物0車位0,,,其他,-1,0.0,0,0,0,有,無,50000,8432,0,0075
土地,九芎坑段31~60地號,1040504,土地1建物0車位0,,,其他,0,0.0,0,0,0,有,無,1960000,4233,0,0075
土地,九芎坑段31~60地號,1070308,土地1建物0車位0,,,其他,0,0.0,0,0,0,有,無,2800000,6048,0,0075
土地,九芎坑段31~60地號,1091106,土地1建物0車位0,,,其他,-1,0.0,0,0,0,有,無,3500000,7559,0,0075
房地(土地+建物),嘉義縣民雄鄉金興村惠安街35巷1~30號,1011201,土地3建物1車位0,全,二層,透天厝,30,113.35,3,2,2,有,無,1150000,10146,0,0076
房地(土地+建物),金興村惠安街35巷1~30號,1091101,土地3建物1車位0,全,二層,透天厝,37,113.35,4,2,2,有,無,2700000,23820,0,0076
土地,文化段601~630地號,1091206,土地1建物0車位0,,,其他,-1,0.0,0,0,0,有,無,72500,21772,0,0077
土地,文化段601~630地號,1100113,土地1建物0車位0,,,其他,-1,0.0,0,0,0,有,無,20000,0,0,0077
土地,文化段601~630地號,1100113,土地1建物0車位0,,,其他,-1,0.0,0,0,0,有,無,30000,0,0,0077
土地,溪墘段溪墘小段181~210地號,1090730,土地3建物0車位0,,,其他,-1,0.0,0,0,0,有,無,2650000,491,0,0078
土地,溪墘段溪墘小段181~210地號,1090922,土地2建物0車位0,,,其他,0,0.0,0,0,0,有,無,2650000,980,0,0078
土地,溪墘段溪墘小段181~210地號,1090922,土地2建物0車位0,,,其他,0,0.0,0,0,0,有,無,2570000,928,0,0078
土地,溪墘段溪墘小段181~210地號,1090922,土地2建物0車位0,,,其他,0,0.0,0,0,0,有,無,2650000,980,0,0078
土地,溪墘段溪墘小段181~210地號,1090922,土地2建物0車位0,,,其他,0,0.0,0,0,0,有,無,2650000,980,0,0078
土地,溪墘段溪墘小段181~210地號,1090922,土地2建物0車位0,,,其他,0,0.0,0,0,0,有,無,2510000,928,0,0078
土地,溪墘段溪墘小段181~210地號,1090922,土地3建物0車位0,,,其他,0,0.0,0,0,0,有,無,5000000,926,0,0078
土地,溪墘段溪墘小段181~210地號,1090922,土地2建物0車位0,,,其他,0,0.0,0,0,0,有,無,2650000,980,0,0078
土地,溪墘段溪墘小段181~210地號,1091207,土地3建物0車位0,,,其他,-1,0.0,0,0,0,有,無,2500000,478,0,0078
房地(土地+建物),嘉義縣大林鎮中坑里大埔美園區十六路1~30號,1071112,土地3建物1車位0,全,二層,透天厝,0,147.18,4,1,3,有,無,6600000,44843,0,0079
房地(土地+建物)+車位,中坑里大埔美園區十六路1~30號,1091029,土地3建物1車位1,全,二層,透天厝,2,147.18,3,2,2,有,無,8660000,58840,0,0079
土地,陳厝寮段211~240地號,1011130,土地1建物0車位0,,,其他,-1,0.0,0,0,0,有,無,1500000,513,0,0080
土地,陳厝寮段211~240地號,1091201,土地2建物0車位0,,,其他,-1,0.0,0,0,0,有,無,2100000,2861,0,0080
房地(土地+建物),嘉義縣水上鄉水上村進學街19巷1~30號,1080806,土地1建物1車位0,全,三層,透天厝,14,145.57,4,2,5,有,無,5400000,37096,0,0081
房地(土地+建物),嘉義縣水上鄉水上村進學街19巷1~30號,1081121,土地1建物1車位0,全,三層,透天厝,14,145.57,3,1,2,有,無,5700000,39156,0,0081
房地(土地+建物),水上村進學街19巷1~30號,1091109,土地1建物1車位0,全,三層,透天厝,15,145.57,3,2,4,有,無,6500000,44652,0,0081
房地(土地+建物),安仁里頂港子墘31~60號,1091007,土地2建物1車位0,三層,五層,華廈(10層含以下有電梯),15,24.07,1,1,1,有,有,580000,24096,0,0082
房地(土地+建物),安仁里頂港子墘31~60號,1091211,土地2建物1車位0,三層,五層,華廈(10層含以下有電梯),15,23.34,1,1,1,有,有,578000,24764,0,0082
土地,王爺段661~690地號,1090309,土地2建物0車位0,,,其他,0,0.0,0,0,0,有,無,40942760,5778,0,0083
土地,王爺段691~720地號,1090803,土地3建物0車位0,,,其他,-1,0.0,0,0,0,有,無,9020000,7872,0,0083
土地,王爺段661~690地號,1090831,土地4建物0車位0,,,其他,0,0.0,0,0,0,有,無,21870000,9375,0,0083
土地,王爺段661~690地號,1090921,土地3建物0車位0,,,其他,-1,0.0,0,0,0,無,有,9700000,8465,0,0083
土地,王爺段661~690地號,1091014,土地3建物0車位0,,,其他,-1,0.0,0,0,0,無,有,9770000,8526,0,0083
土地,王爺段691~720地號,1091014,土地2建物0車位0,,,其他,-1,0.0,0,0,0,有,無,1030000,6060,0,0083
土地,王爺段691~720地號,1090929,土地3建物0車位0,,,其他,-1,0.0,0,0,0,有,無,6764000,7968,0,0083
房地(土地+建物),嘉義縣東石鄉龍港村31~60號,1081026,土地1建物1車位0,全,一層,透天厝,49,129.67,0,0,0,無,無,4500000,34703,0,0084
房地(土地+建物),港墘厝31~60號,1091006,土地2建物1車位0,全,一層,透天厝,50,129.67,1,2,2,有,無,9000000,69407,0,0084
房地(土地+建物),嘉義縣朴子市應菜埔361~390號,1081003,土地2建物1車位0,全,三層,透天厝,0,158.94,5,2,2,有,無,8350000,52536,0,0085
房地(土地+建物),菜埔361~390號,1091023,土地2建物1車位0,全,三層,透天厝,1,158.94,4,2,3,有,無,8000000,50333,0,0085
土地,海豐子段海豐小段931~960地號,1091003,土地1建物0車位0,,,其他,-1,0.0,0,0,0,有,無,1000000,869,0,0086
土地,海豐子段海豐小段931~960地號,1091121,土地1建物0車位0,,,其他,-1,0.0,0,0,0,有,無,1300000,1129,0,0086
土地,梅南段1291~1320地號,1051214,土地1建物0車位0,,,其他,0,0.0,0,0,0,有,無,4190668,19662,0,0087
土地,梅南段1291~1320地號,1091201,土地1建物0車位0,,,其他,-1,0.0,0,0,0,有,無,4190000,19659,0,0087
房地(土地+建物),嘉義縣太保市過溝里過溝31~60號,1090624,土地2建物1車位0,全,三層,透天厝,26,158.73,5,2,3,有,無,3700000,23310,0,0088
房地(土地+建物),過溝里過溝31~60號,1091124,土地2建物1車位0,全,三層,透天厝,27,158.73,5,2,3,有,無,5000000,31500,0,0088
土地,中庄段1861~1890地號,1020103,土地1建物0車位0,,,其他,-1,0.0,0,0,0,有,無,1397368,9075,0,0089
土地,中庄段1861~1890地號,1020604,土地1建物0車位0,,,其他,-1,0.0,0,0,0,有,無,1550000,10066,0,0089
土地,中庄段1861~1890地號,1091208,土地1建物0車位0,,,其他,-1,0.0,0,0,0,有,無,2500000,16236,0,0089
建物,嘉義縣民雄鄉文隆村鴨母?1~30號,1051208,土地0建物1車位0,全,四層,透天厝,0,180.87,6,1,6,有,無,3200000,17692,0,0090
房地(土地+建物),文隆村鴨母1~30號,1091111,土地2建物1車位0,全,四層,透天厝,4,180.87,4,2,4,有,無,8300000,45889,0,0090
土地,大榔段大鄉小段61~90地號,1040305,土地1建物0車位0,,,其他,0,0.0,0,0,0,有,無,1900000,864,0,0091
土地,大榔段大鄉小段61~90地號,1091027,土地1建物0車位0,,,其他,-1,0.0,0,0,0,有,無,4000000,1819,0,0091
房地(土地+建物),嘉義縣民雄鄉興南村頭橋691~720號,1090130,土地2建物1車位0,一層,五層,公寓(5樓含以下無電梯),27,117.22,3,2,2,有,無,2600000,22181,0,0092
房地(土地+建物),興南村頭橋691~720號,1091122,土地2建物1車位0,一層,五層,公寓(5樓含以下無電梯),28,117.22,3,2,2,有,無,3450000,29432,0,0092
房地(土地+建物),嘉義縣水上鄉柳鄉村柳子林151~180號,1050922,土地1建物1車位0,二層,五層,華廈(10層含以下有電梯),19,128.24,3,2,2,有,無,1600000,12477,0,0093
房地(土地+建物),嘉義縣水上鄉柳鄉村柳子林151~180號,1070314,土地1建物1車位0,二層,五層,公寓(5樓含以下無電梯),21,128.24,3,2,1,有,無,1765000,13763,0,0093
房地(土地+建物),柳鄉村柳子林151~180號,1091128,土地1建物1車位0,二層,五層,華廈(10層含以下有電梯),24,128.24,3,2,1,有,有,2700000,21054,0,0093
房地(土地+建物),嘉義縣中埔鄉永樂新村511~540號,1050307,土地2建物1車位0,全,二層,透天厝,34,99.63,2,2,1,有,無,3000000,30111,0,0095
房地(土地+建物),和美村永樂新村511~540號,1091022,土地2建物1車位0,全,二層,透天厝,39,99.63,5,2,5,有,無,6500000,65241,0,0095
土地,鹿北段811~840地號,1091213,土地1建物0車位0,,,其他,-1,0.0,0,0,0,有,無,27000,10800,0,0096
土地,鹿北段811~840地號,1091207,土地1建物0車位0,,,其他,-1,0.0,0,0,0,有,無,25510,10204,0,0096
土地,轆子腳段181~210地號,1050429,土地1建物0車位0,,,其他,0,0.0,0,0,0,有,無,10183965,18755,0,0097
土地,轆子腳段181~210地號,1091221,土地1建物0車位0,,,其他,-1,0.0,0,0,0,有,無,10880000,20037,0,0097
房地(土地+建物),嘉義縣竹崎鄉灣橋村29鄰崎?181~210號,1020821,土地1建物1車位0,一層，二層，騎樓,二層,店面(店鋪),34,90.96,4,3,2,有,無,2300000,25286,0,0098
房地(土地+建物),嘉義縣竹崎鄉灣橋村29鄰崎?181~210號,1060320,土地1建物1車位0,全,二層,透天厝,38,90.96,4,3,3,有,無,3200000,35180,0,0098
房地(土地+建物),灣橋村29鄰崎181~210號,1091114,土地1建物1車位0,全,二層,透天厝,41,90.96,4,3,3,有,無,3150000,34631,0,0098
土地,崎子頭段崎子頭小段91~120地號,1081002,土地1建物0車位0,,,其他,0,0.0,0,0,0,有,無,13500000,4324,0,0099
土地,崎子頭段崎子頭小段91~120地號,1091126,土地1建物0車位0,,,其他,-1,0.0,0,0,0,有,無,17000000,5445,0,0099
土地,溪南段溪南小段361~390地號,1040130,土地2建物0車位0,,,其他,0,0.0,0,0,0,有,無,4496500,850,0,0101
土地,溪南段溪南小段361~390地號,1091018,土地2建物0車位0,,,其他,-1,0.0,0,0,0,有,無,9522000,1800,0,0101
土地,三角子段三角小段601~630地號,1040309,土地1建物0車位0,,,其他,-1,0.0,0,0,0,有,無,2350000,876,0,0102
土地,三角子段三角小段601~630地號,1091222,土地1建物0車位0,,,其他,-1,0.0,0,0,0,有,無,2300000,857,0,0102
土地,義竹段義竹小段301~330地號,1050328,土地1建物0車位0,,,其他,0,0.0,0,0,0,有,無,1837080,840,0,0103
土地,義竹段義竹小段301~330地號,1091208,土地1建物0車位0,,,其他,-1,0.0,0,0,0,有,無,1930000,882,0,0103
土地,貴舍段301~330地號,1091218,土地3建物0車位0,,,其他,-1,0.0,0,0,0,有,無,3472050,450,0,0104
土地,貴舍段301~330地號,1091218,土地2建物0車位0,,,其他,-1,0.0,0,0,0,有,無,730950,450,0,0104
土地,蒜頭段蒜東小段181~210地號,1030728,土地1建物0車位0,,,其他,0,0.0,0,0,0,有,無,400000,1293,0,0105
土地,蒜頭段蒜東小段181~210地號,1091216,土地1建物0車位0,,,其他,-1,0.0,0,0,0,有,無,660000,2134,0,0105
土地,蒜頭段蒜東小段181~210地號,1091216,土地1建物0車位0,,,其他,-1,0.0,0,0,0,有,無,662448,2142,0,0105
土地,蒜頭段蒜東小段181~210地號,1091214,土地1建物0車位0,,,其他,-1,0.0,0,0,0,有,無,208651,2699,0,0105
土地,蒜頭段蒜東小段181~210地號,1100129,土地1建物0車位0,,,其他,-1,0.0,0,0,0,有,無,300000,3880,0,0105
房地(土地+建物),嘉義縣朴子市?子三路169巷1~30號,1021021,土地1建物1車位0,三層,十層,華廈(10層含以下有電梯),8,36.78,1,1,1,有,有,700000,19032,0,0108
房地(土地+建物),朴子三路169巷1~30號,1091130,土地1建物1車位0,三層,十層,套房(1房1廳1衛),15,36.78,1,1,1,有,有,1860000,50571,0,0108
土地,柳鄉段1411~1440地號,1090515,土地1建物0車位0,,,其他,0,0.0,0,0,0,有,無,150000,21038,0,0109
土地,柳鄉段1411~1440地號,1091120,土地3建物0車位0,,,其他,-1,0.0,0,0,0,有,無,600000,9388,0,0109
土地,石段301~330地號,1090415,土地1建物0車位0,,,其他,0,0.0,0,0,0,有,無,28000,187,0,0110
土地,石段301~330地號,1090707,土地1建物0車位0,,,其他,-1,0.0,0,0,0,有,無,53318,155,0,0110
土地,石段301~330地號,1091218,土地1建物0車位0,,,其他,-1,0.0,0,0,0,有,無,75000,187,0,0110
土地,雙援段241~270地號,1030502,土地1建物0車位0,,,其他,0,0.0,0,0,0,有,無,2560000,6066,0,0111
土地,雙援段241~270地號,1081029,土地1建物0車位0,,,其他,0,0.0,0,0,0,有,無,2650000,6280,0,0111
土地,雙援段241~270地號,1091125,土地1建物0車位0,,,其他,-1,0.0,0,0,0,有,無,2580000,6114,0,0111
房地(土地+建物),嘉義縣民雄鄉東湖村19鄰東勢湖91~120號,1040531,土地1建物1車位0,全,二層,透天厝,36,98.07,3,2,2,有,無,1830000,18660,0,0112
房地(土地+建物),東湖村19鄰東勢湖91~120號,1091222,土地1建物1車位0,全,二層,透天厝,42,98.07,4,1,2,有,無,3500000,35689,0,0112
土地,生毛樹段151~180地號,1091003,土地11建物0車位0,,,其他,-1,0.0,0,0,0,有,無,2920000,398,0,0113
土地,生毛樹段151~180地號,1091208,土地11建物0車位0,,,其他,-1,0.0,0,0,0,有,無,3570000,487,0,0113
土地,番路段61~90地號,1080625,土地1建物0車位0,,,其他,0,0.0,0,0,0,有,無,705000,149,0,0114
土地,番路段61~90地號,1080808,土地1建物0車位0,,,其他,0,0.0,0,0,0,有,無,170000,168,0,0114
土地,番路段61~90地號,1080807,土地1建物0車位0,,,其他,0,0.0,0,0,0,有,無,170000,168,0,0114
土地,番路段61~90地號,1081024,土地1建物0車位0,,,其他,0,0.0,0,0,0,有,無,100000,145,0,0114
土地,番路段61~90地號,1090212,土地1建物0車位0,,,其他,0,0.0,0,0,0,有,無,90000,130,0,0114
土地,番路段61~90地號,1090320,土地1建物0車位0,,,其他,0,0.0,0,0,0,有,無,120000,119,0,0114
土地,番路段61~90地號,1090612,土地1建物0車位0,,,其他,-1,0.0,0,0,0,有,無,221578,148,0,0114
土地,番路段61~90地號,1091223,土地1建物0車位0,,,其他,-1,0.0,0,0,0,有,無,40000,200,0,0114
土地,番路段61~90地號,1100219,土地1建物0車位0,,,其他,-1,0.0,0,0,0,有,無,40000,200,0,0114
土地,子科段181~210地號,1061113,土地1建物0車位0,,,其他,0,0.0,0,0,0,有,無,1540000,438,0,0115
土地,子科段,1091211,土地1建物0車位0,,,其他,-1,0.0,0,0,0,有,無,1300000,370,0,0115
房地(土地+建物),水上村良都街31~60號,1091121,土地1建物1車位0,全,二層,透天厝,39,113.16,3,2,2,有,無,2100000,18558,0,0116
房地(土地+建物),水上村良都街31~60號,1100306,土地1建物1車位0,全,二層,透天厝,39,113.16,5,2,2,有,無,2300000,20325,0,0116
房地(土地+建物),嘉義縣太保市中山路一段228巷19弄31~60號,1031113,土地1建物1車位0,四層,九層,華廈(10層含以下有電梯),21,73.06,3,2,2,有,無,1200000,16425,0,0117
房地(土地+建物),嘉義縣太保市中山路一段228巷19弄31~60號,1080911,土地1建物1車位0,四層,九層,華廈(10層含以下有電梯),26,107.33,3,2,2,有,有,1900000,17702,0,0117
房地(土地+建物),中山路一段228巷19弄31~60號,1091113,土地1建物1車位0,四層,九層,華廈(10層含以下有電梯),27,107.33,3,2,2,有,有,2220000,20684,0,0117
房地(土地+建物),嘉義縣民雄鄉秀林村林子尾61~90號,1060306,土地1建物1車位0,全,二層,透天厝,35,115.15,3,2,2,有,無,1399000,12149,0,0118
房地(土地+建物),秀林村林子尾61~90號,1091008,土地1建物1車位0,全,二層,透天厝,39,115.15,3,1,2,有,無,3500000,30395,0,0118
土地,三角段31~60地號,1091005,土地1建物0車位0,,,其他,-1,0.0,0,0,0,有,無,630000,1007,0,0119
土地,三角段31~60地號,1091119,土地1建物0車位0,,,其他,-1,0.0,0,0,0,有,無,630000,1007,0,0119
房地(土地+建物),嘉義縣朴子市吉祥七街61~90號,1040901,土地1建物1車位0,,五層,套房(1房1廳1衛),11,26.700000000000003,1,1,1,有,有,630000,23596,0,0120
房地(土地+建物),吉祥七街61~90號,1091226,土地1建物1車位0,四層,五層,套房(1房1廳1衛),16,26.700000000000003,1,1,1,有,有,850000,31835,0,0120
土地,新寮段661~690地號,1091104,土地3建物0車位0,,,其他,-1,0.0,0,0,0,有,無,144592,255,0,0121
土地,新寮段871~900地號,1091222,土地1建物0車位0,,,其他,-1,0.0,0,0,0,有,無,180740,7562,0,0121
土地,新寮段871~900地號,1091222,土地1建物0車位0,,,其他,-1,0.0,0,0,0,有,無,867552,9075,0,0121
房地(土地+建物),嘉義縣民雄鄉文隆村13鄰建國路二段181~210號,1020629,土地1建物1車位0,全,二層,透天厝,32,100.02,3,2,2,有,無,1250000,12498,0,0122
房地(土地+建物),文隆村建國路二段181~210號,1091117,土地1建物1車位0,全,二層,透天厝,40,100.02,4,2,2,有,無,3350000,33493,0,0122
房地(土地+建物),嘉義縣太保市太保里太保31~60號,1040505,土地1建物1車位0,全,三層,透天厝,0,167.65,5,3,4,有,無,6000000,35789,0,0123
房地(土地+建物),太保里太保31~60號,1091205,土地1建物1車位0,全,三層,透天厝,6,167.65,4,2,5,有,無,7420000,44259,0,0123
土地,十一指厝段圳西小段721~750地號,1060607,土地4建物0車位0,,,其他,0,0.0,0,0,0,有,無,3000000,4546,0,0124
土地,十一指厝段圳西小段721~750地號,1091123,土地4建物0車位0,,,其他,-1,0.0,0,0,0,有,無,3875000,6920,0,0124
土地,麻寮段781~810地號,1071227,土地3建物0車位0,,,其他,0,0.0,0,0,0,有,無,108000,27136,0,0125
土地,麻寮段781~810地號,1080108,土地6建物0車位0,,,其他,0,0.0,0,0,0,有,無,303600,33253,0,0125
土地,麻寮段781~810地號,1081112,土地6建物0車位0,,,其他,0,0.0,0,0,0,有,無,227700,33241,0,0125
土地,麻寮段721~750地號,1081118,土地6建物0車位0,,,其他,0,0.0,0,0,0,有,無,248400,36263,0,0125
土地,麻寮段781~810地號,1090417,土地6建物0車位0,,,其他,0,0.0,0,0,0,有,無,330000,45392,0,0125
土地,麻寮段721~750地號,1090501,土地6建物0車位0,,,其他,0,0.0,0,0,0,有,無,414000,45345,0,0125
土地,麻寮段781~810地號,1091223,土地6建物0車位0,,,其他,-1,0.0,0,0,0,有,無,220000,30261,0,0125
土地,後寮段後寮小段211~240地號,1031230,土地1建物0車位0,,,其他,0,0.0,0,0,0,有,無,3250000,1000,0,0126
土地,後寮段後寮小段211~240地號,1050707,土地1建物0車位0,,,其他,0,0.0,0,0,0,有,無,4100000,1262,0,0126
土地,後寮段後寮小段211~240地號,1091005,土地1建物0車位0,,,其他,-1,0.0,0,0,0,有,無,7200000,2215,0,0126
房地(土地+建物),嘉義縣番路鄉江西村6鄰平?1~30號,1040923,土地2建物3車位0,五層,十八層,住宅大樓(11層含以上有電梯),22,46.31999999999999,1,0,1,有,無,900000,19430,0,0127
房地(土地+建物),江西村平1~30號,1091214,土地2建物1車位0,五層,十八層,住宅大樓(11層含以上有電梯),28,46.31999999999999,1,0,1,有,有,1200000,25907,0,0127
房地(土地+建物),嘉義縣民雄鄉三興村7鄰三興二街91~120號,1060811,土地1建物1車位0,全,四層,透天厝,10,235.36,8,0,8,有,無,7200000,30591,0,0128
房地(土地+建物),三興村7鄰三興二街91~120號,1091119,土地1建物1車位0,全,四層,透天厝,13,235.36,8,0,8,有,無,7100000,30167,0,0128
土地,菁埔段菁埤小段1~30地號,1090611,土地1建物0車位0,,,其他,-1,0.0,0,0,0,有,無,3248734,1700,0,0129
土地,菁埔段菁埤小段1~30地號,1091006,土地1建物0車位0,,,其他,-1,0.0,0,0,0,有,無,258384,1206,0,0129
土地,菁埔段菁埤小段1~30地號,1091228,土地1建物0車位0,,,其他,-1,0.0,0,0,0,有,無,273258,1700,0,0129
土地,菁埔段菁埤小段31~60地號,1090914,土地1建物0車位0,,,其他,-1,0.0,0,0,0,有,無,237510,1206,0,0130
土地,菁埔段菁埤小段31~60地號,1091228,土地1建物0車位0,,,其他,-1,0.0,0,0,0,有,無,251022,1700,0,0130
土地,上崙段柳二小段91~120地號,1091118,土地1建物0車位0,,,其他,-1,0.0,0,0,0,有,無,500000,1250,0,0131
土地,上崙段柳二小段91~120地號,1091224,土地1建物0車位0,,,其他,-1,0.0,0,0,0,有,無,250000,1250,0,0131
土地,新大崙段61~90地號,1030519,土地3建物0車位0,,,其他,0,0.0,0,0,0,有,無,1350000,8964,0,0132
土地,新大崙段91~120地號,1080119,土地3建物0車位0,,,其他,0,0.0,0,0,0,有,無,1440000,9562,0,0132
土地,新大崙段61~90地號,1091111,土地3建物0車位0,,,其他,-1,0.0,0,0,0,有,無,1580000,10491,0,0132
房地(土地+建物),嘉義縣太保市北新里中山路一段492巷31~60號,1010911,土地1建物1車位0,全,三層,透天厝,6,144.7,0,0,0,有,無,4950000,34209,0,0133
房地(土地+建物),北新里中山路一段492巷31~60號,1091123,土地1建物1車位0,全,三層,透天厝,14,144.7,4,2,3,有,無,7800000,53905,0,0133
土地,東榮段631~660地號,1091213,土地1建物0車位0,,,其他,-1,0.0,0,0,0,有,無,4666667,22152,0,0134
土地,東榮段631~660地號,1091226,土地1建物0車位0,,,其他,-1,0.0,0,0,0,有,無,7500000,23734,0,0134
房地(土地+建物),嘉義縣民雄鄉金興村14鄰惠安街54巷1~30號,1020716,土地1建物1車位0,全,二層,透天厝,32,112.31,5,2,2,有,無,1460000,13000,0,0135
房地(土地+建物),金興村惠安街54巷1~30號,1091208,土地1建物1車位0,全,二層,透天厝,39,112.31,4,2,2,有,無,3000000,26712,0,0135
房地(土地+建物),嘉義縣朴子市大?榔31~60號,1050320,土地4建物1車位0,全,三層,透天厝,20,131.13,4,2,3,有,無,965756,7365,0,0136
房地(土地+建物),大榔31~60號,1091216,土地4建物1車位0,全,三層,透天厝,25,131.13,5,1,3,有,無,4900000,37367,0,0136
土地,頂東石段黎明小段91~120地號,1070213,土地1建物0車位0,,,其他,0,0.0,0,0,0,有,無,830000,6047,0,0137
土地,頂東石段黎明小段91~120地號,1091223,土地1建物0車位0,,,其他,-1,0.0,0,0,0,有,無,913000,6652,0,0137
土地,灣南段331~360地號,1091103,土地2建物0車位0,,,其他,-1,0.0,0,0,0,有,無,3417480,1500,0,0138
土地,灣南段331~360地號,1091129,土地2建物0車位0,,,其他,-1,0.0,0,0,0,有,無,3873110,1700,0,0138
房地(土地+建物),嘉義縣布袋鎮新北五街31~60號,1050925,土地1建物1車位0,全,三層,透天厝,26,120.93,4,2,3,有,無,2590000,21417,0,0140
房地(土地+建物),新北五街31~60號,1091128,土地1建物1車位0,全,三層,透天厝,31,120.93,5,2,3,有,無,2250000,18606,0,0140
房地(土地+建物)+車位,舊埤里新埤1~30號,1080406,土地4建物1車位1,全,三層,透天厝,0,164.11,3,2,3,有,無,6300000,38389,0,0141
房地(土地+建物)+車位,舊埤里新埤1~30號,1100306,土地4建物1車位1,全,三層,透天厝,0,164.11,3,2,3,有,無,6350000,38694,0,0141
房地(土地+建物),嘉義縣水上鄉回歸村北回121~150號,1070927,土地1建物1車位0,全,二層,透天厝,37,103.18,1,1,2,有,無,1500000,14538,0,0142
房地(土地+建物),回歸村北回121~150號,1091213,土地1建物1車位0,全,二層,透天厝,40,103.18,3,3,2,有,無,3850000,37313,0,0142
房地(土地+建物),梅東村24鄰興中路91~120號,1091021,土地1建物1車位0,全,一層,透天厝,-1,59.24,3,2,1,有,無,2200000,37137,0,0143
房地(土地+建物),梅東村24鄰興中路91~120號,1091218,土地1建物1車位0,全,一層,透天厝,-1,59.24,3,2,1,有,無,2300000,38825,0,0143
土地,雙涵段雙涵小段271~300地號,1080301,土地2建物0車位0,,,其他,0,0.0,0,0,0,有,無,2750000,905,0,0144
土地,雙涵段雙涵小段271~300地號,1091109,土地2建物0車位0,,,其他,-1,0.0,0,0,0,有,無,3100000,1020,0,0144
房地(土地+建物),嘉義縣水上鄉三界村1~30號,1071213,土地2建物1車位0,全,一層,透天厝,38,46.16,2,2,1,有,無,1000000,21664,0,0145
房地(土地+建物),三界村1~30號,1091227,土地2建物1車位0,全,一層,透天厝,40,46.16,2,2,1,有,無,1600000,34662,0,0145
土地,鹿草段鹿東小段1231~1260地號,1090310,土地4建物0車位0,,,其他,0,0.0,0,0,0,有,無,7408700,1300,0,0146
土地,鹿草段鹿東小段1231~1260地號,1091212,土地2建物0車位0,,,其他,-1,0.0,0,0,0,有,無,2688400,1300,0,0146
房地(土地+建物),嘉義縣太保市南新里14鄰北港路二段121~150號,1050617,土地1建物1車位0,全,三層,透天厝,35,151.13,3,3,3,有,無,3500000,23159,0,0147
房地(土地+建物),南新里北港路二段121~150號,1091124,土地1建物1車位0,全,三層,透天厝,40,151.13,3,3,3,有,無,4600000,30437,0,0147
房地(土地+建物),嘉義縣太保市合德新村21巷241~270號,1020628,土地4建物1車位0,全,三層,透天厝,0,169.02,4,2,4,有,無,4850000,28695,0,0148
房地(土地+建物),嘉義縣太保市麻寮里合德新村21巷241~270號,1021004,土地4建物1車位0,全,三層,透天厝,1,169.02,4,2,4,有,無,4712000,27878,0,0148
房地(土地+建物),麻寮里合德新村21巷241~270號,1091128,土地4建物1車位0,全,三層,透天厝,8,169.02,3,2,4,有,無,7150000,42303,0,0148
房地(土地+建物),平林里光明街31~60號,1091029,土地7建物1車位0,五層,五層,公寓(5樓含以下無電梯),28,118.69999999999999,3,2,2,有,有,2500000,21061,0,0149
房地(土地+建物),平林里光明街31~60號,1100321,土地7建物1車位0,五層,五層,公寓(5樓含以下無電梯),28,118.69999999999999,3,2,2,有,無,2200000,18534,0,0149
房地(土地+建物),嘉義縣朴子市仁和一路1~30號,1031225,土地8建物1車位0,全,三層,透天厝,0,294.25,4,2,5,有,有,16880000,57366,0,0150
房地(土地+建物),仁和一路1~30號,1091021,土地12建物1車位0,全,三層,透天厝,6,295.25,6,2,5,有,有,20200000,68417,0,0150
房地(土地+建物),嘉義縣朴子市仁和一路1~30號,1060723,土地12建物2車位0,全,三層,透天厝,3,295.25,4,2,5,有,有,18800000,63675,0,0152
房地(土地+建物),仁和一路1~30號,1091215,土地12建物1車位0,全,三層,透天厝,6,295.25,4,2,5,有,有,19300000,65368,0,0152
房地(土地+建物),嘉義縣竹崎鄉龍山村16鄰崁仔?1~30號,1060718,土地1建物1車位0,全,一層,透天厝,37,73.44,4,1,1,有,無,950000,12936,0,0154
房地(土地+建物),嘉義縣竹崎鄉龍山村16鄰崁仔?1~30號,1060901,土地1建物1車位0,全,一層,透天厝,37,73.44,4,1,1,有,無,980000,13344,0,0154
房地(土地+建物),龍山村16鄰崁仔1~30號,1091215,土地1建物1車位0,全,一層,透天厝,41,73.44,2,1,1,有,無,1400000,19063,0,0154
房地(土地+建物),嘉義縣民雄鄉福樂村建國路三段121~150號,1040812,土地1建物1車位0,全,二層,透天厝,37,118.13,3,1,1,有,無,3000000,25396,0,0155
房地(土地+建物),福樂村建國路三段121~150號,1091218,土地1建物1車位0,全,二層,透天厝,42,118.13,3,2,3,有,無,5000000,42326,0,0155
土地,後堀段後堀小段181~210地號,1091014,土地1建物0車位0,,,其他,-1,0.0,0,0,0,有,無,2150000,515,0,0156
土地,後堀段後堀小段181~210地號,1091128,土地1建物0車位0,,,其他,-1,0.0,0,0,0,有,無,4000000,958,0,0156
房地(土地+建物),嘉義縣中埔鄉富收村興化蔀1~30號,1050727,土地2建物1車位0,全,三層,透天厝,12,120.13,4,2,2,有,無,2400000,19978,0,0158
房地(土地+建物),富收村興化1~30號,1091215,土地2建物1車位0,全,三層,透天厝,16,120.13,3,2,2,有,無,4000000,33297,0,0158
房地(土地+建物),嘉義縣水上鄉中庄691~720號,1050923,土地1建物1車位0,全,二層,透天厝,36,97.5,3,2,2,有,無,2200000,22564,0,0159
房地(土地+建物),忠和村18鄰中庄691~720號,1091210,土地1建物1車位0,全,二層,透天厝,40,97.5,4,2,2,有,無,2550000,26154,0,0159
土地,水頭段1111~1140地號,1091024,土地1建物0車位0,,,其他,-1,0.0,0,0,0,有,無,784356,11798,0,0160
土地,水頭段1111~1140地號,1091127,土地1建物0車位0,,,其他,-1,0.0,0,0,0,有,無,940000,14140,0,0160
房地(土地+建物),嘉義縣布袋鎮海興街241~270號,1030919,土地1建物1車位0,全,三層,透天厝,22,132.86,4,2,3,有,無,2820000,21225,0,0161
房地(土地+建物),海興街241~270號,1091212,土地1建物1車位0,全,三層,透天厝,28,132.86,6,2,5,有,無,2500000,18817,0,0161
房地(土地+建物)+車位,嘉義縣太保市春珠里保鐵一路二段91~120號,1060808,土地1建物1車位1,十二層,十五層,住宅大樓(11層含以上有電梯),0,176.14,3,2,2,有,有,6610000,40131,740000,0162
房地(土地+建物)+車位,春珠里保鐵一路二段91~120號,1091122,土地1建物1車位1,十二層,十五層,住宅大樓(11層含以上有電梯),4,176.14,3,2,2,有,有,6850000,38890,0,0162
土地,竹頭崎段181~210地號,1040323,土地1建物0車位0,,,其他,0,0.0,0,0,0,有,無,1600000,1109,0,0163
土地,竹頭崎段181~210地號,1091204,土地1建物0車位0,,,其他,-1,0.0,0,0,0,有,無,610000,1902,0,0163
土地,竹頭崎段181~210地號,1100107,土地1建物0車位0,,,其他,-1,0.0,0,0,0,有,無,610000,1902,0,0163
房地(土地+建物),安仁里頂港子墘31~60號,1090804,土地2建物4車位0,三層,五層,華廈(10層含以下有電梯),15,96.3,1,1,1,有,有,2720000,28245,0,0164
房地(土地+建物),安仁里頂港子墘31~60號,1091129,土地2建物4車位0,三層,五層,華廈(10層含以下有電梯),15,93.35,1,1,1,有,有,2800000,29995,0,0164
房地(土地+建物),嘉義縣水上鄉中庄61~90號,1030609,土地1建物1車位0,全,一層,透天厝,35,36.93,3,1,1,有,無,600000,16247,0,0165
房地(土地+建物),中庄村中庄61~90號,1091227,土地1建物1車位0,全,一層,透天厝,41,36.93,2,1,1,有,無,1200000,32494,0,0165
房地(土地+建物),嘉義縣布袋鎮光復路一段17巷1弄1~30號,1051118,土地1建物1車位0,全,二層,透天厝,33,155.7,3,2,3,有,無,1700000,10918,0,0166
房地(土地+建物),光復路一段17巷1弄1~30號,1091101,土地2建物2車位0,一層，二層，三層,二層,公寓(5樓含以下無電梯),37,311.4,4,2,3,有,無,4520000,14515,0,0166
房地(土地+建物),嘉義縣太保市中山路一段228巷19弄31~60號,1011224,土地1建物1車位0,七層,九層,套房(1房1廳1衛),19,82.09,1,1,1,有,有,660000,8040,0,0167
房地(土地+建物),中山路一段228巷19弄31~60號,1091123,土地1建物1車位0,七層,九層,華廈(10層含以下有電梯),27,82.09,2,2,1,有,無,2100000,25582,0,0167
土地,南靖段南和小段1351~1380地號,1091231,土地1建物0車位0,,,其他,-1,0.0,0,0,0,有,無,250000,3165,0,0168
土地,南靖段南和小段1351~1380地號,1100304,土地1建物0車位0,,,其他,-1,0.0,0,0,0,有,無,600000,7595,0,0168
土地,溪心段211~240地號,1091228,土地1建物0車位0,,,其他,-1,0.0,0,0,0,有,無,2000,0,0,0169
土地,溪心段211~240地號,1091125,土地1建物0車位0,,,其他,-1,0.0,0,0,0,有,無,1000,0,0,0169
土地,溪心段211~240地號,1091228,土地1建物0車位0,,,其他,-1,0.0,0,0,0,有,無,2000,0,0,0169
土地,溪心段211~240地號,1091228,土地1建物0車位0,,,其他,-1,0.0,0,0,0,有,無,2000,0,0,0169
房地(土地+建物),嘉義縣水上鄉水上村順興街1~30號,1030827,土地1建物1車位0,全,三層,透天厝,10,173.71,4,1,3,有,無,5000000,28784,0,0173
房地(土地+建物),嘉義縣水上鄉水上村順興街1~30號,1070917,土地1建物1車位0,全,三層,透天厝,14,173.71,4,2,3,有,無,5600000,32238,0,0173
房地(土地+建物),水上村順興街1~30號,1091206,土地1建物1車位0,全,三層,透天厝,16,173.71,4,2,3,有,無,6400000,36843,0,0173
房地(土地+建物),民生村立業街4巷31~60號,1090525,土地2建物2車位0,全,二層,透天厝,40,74.41,10,2,6,有,無,2700000,36285,0,0174
房地(土地+建物),民生村立業街4巷31~60號,1091224,土地1建物1車位0,全,二層,透天厝,41,45.05,3,1,2,有,無,1500000,33296,0,0174
房地(土地+建物),民生村立業街4巷31~60號,1100130,土地1建物1車位0,全,二層,透天厝,41,90.1,3,2,2,有,無,3150000,34961,0,0174
土地,新埤段新埤小段1891~1920地號,1081127,土地1建物0車位0,,,其他,0,0.0,0,0,0,有,無,6000000,1714,0,0175
土地,新埤段新埤小段1891~1920地號,1100106,土地1建物0車位0,,,其他,-1,0.0,0,0,0,有,無,6300000,1800,0,0175
土地,埔心段埔心小段211~240地號,1050214,土地1建物0車位0,,,其他,0,0.0,0,0,0,有,無,5457600,1800,0,0176
土地,埔心段埔心小段211~240地號,1091102,土地1建物0車位0,,,其他,-1,0.0,0,0,0,有,無,6200000,2045,0,0176
房地(土地+建物),嘉義縣中埔鄉和美村三和路60巷1~30號,1010723,土地1建物1車位0,一層，二層，三層，四層，騎樓,四層,店面(店鋪),0,201.48,3,3,4,有,無,7000000,34743,0,0177
房地(土地+建物),嘉義縣中埔鄉和美村三和路60巷1~30號,1060321,土地1建物1車位0,全,四層,透天厝,5,201.48,3,2,4,有,無,8500000,42188,0,0177
房地(土地+建物),和美村三和路60巷1~30號,1091201,土地1建物1車位0,全,四層,透天厝,8,201.48,4,3,4,有,無,10000000,49633,0,0177
土地,圍子內段1~30地號,1080704,土地7建物0車位0,,,其他,0,0.0,0,0,0,有,無,2072500,402,0,0178
土地,圍子內段1~30地號,1091225,土地6建物0車位0,,,其他,-1,0.0,0,0,0,有,無,330000,208,0,0178
房地(土地+建物),嘉義縣朴子市山通路1~30號,1030315,土地2建物1車位0,十二層,十二層,住宅大樓(11層含以上有電梯),20,87.55,3,2,2,有,有,2200000,25128,0,0181
房地(土地+建物),嘉義縣朴子市山通路1~30號,1050413,土地2建物1車位0,,十二層,住宅大樓(11層含以上有電梯),22,98.59,3,1,2,有,有,2380000,24140,0,0181
房地(土地+建物),山通路1~30號,1091205,土地2建物1車位0,十二層,十二層,住宅大樓(11層含以上有電梯),26,98.59,3,2,2,有,有,2900000,29415,0,0181
土地,潭子墘段潭墘小段211~240地號,1070525,土地1建物0車位0,,,其他,0,0.0,0,0,0,有,無,2972420,1180,0,0182
土地,潭子墘段潭墘小段211~240地號,1100108,土地1建物0車位0,,,其他,-1,0.0,0,0,0,有,無,3100000,1231,0,0182
房地(土地+建物),嘉義縣大林鎮福樂村32鄰埤角61~90號,1060829,土地1建物1車位0,全,四層,透天厝,24,210.77,4,1,3,有,無,5000000,23723,0,0183
房地(土地+建物),福樂村埤角61~90號,1091226,土地1建物1車位0,全,四層,透天厝,27,210.77,4,2,3,有,有,7800000,37007,0,0183
房地(土地+建物),嘉義縣民雄鄉惠安街31巷31~60號,1090320,土地1建物1車位0,全,二層,透天厝,38,94.6,4,1,2,有,無,2000000,21142,0,0184
房地(土地+建物),金興村惠安街31巷31~60號,1091130,土地1建物1車位0,全,二層,透天厝,39,94.6,4,2,4,有,無,4650000,49154,0,0184
土地,大崙段211~240地號,1091216,土地2建物0車位0,,,其他,-1,0.0,0,0,0,有,無,359009,7563,0,0187
土地,大崙段211~240地號,1091216,土地2建物0車位0,,,其他,-1,0.0,0,0,0,有,無,142738,7564,0,0187
房地(土地+建物),嘉義縣水上鄉柳鄉村柳子林路271~300號,1081010,土地1建物1車位0,全,二層,透天厝,41,45.66,2,2,1,有,無,1500000,32852,0,0189
房地(土地+建物),柳鄉村柳子林271~300號,1091223,土地2建物2車位0,全,二層,透天厝,42,89.62,3,2,4,有,無,3800000,42401,0,0189
房地(土地+建物),嘉義縣竹崎鄉和平村10鄰田寮61~90號,1031231,土地6建物1車位0,全,三層,透天厝,0,186.95,4,3,4,有,無,7560000,40439,0,0190
房地(土地+建物),和平村10鄰田寮61~90號,1091225,土地6建物1車位0,全,三層,透天厝,6,186.95,4,2,4,有,無,8000000,42792,0,0190
土地,義興段751~780地號,1030225,土地1建物0車位0,,,其他,-1,0.0,0,0,0,有,無,3526720,800,0,0191
土地,義興段751~780地號,1091117,土地1建物0車位0,,,其他,-1,0.0,0,0,0,有,無,6940000,1574,0,0191
土地,竹子段松竹小段1~30地號,1090708,土地1建物0車位0,,,其他,-1,0.0,0,0,0,有,無,2549150,850,0,0192
土地,竹子,1091231,土地1建物0車位0,,,其他,-1,0.0,0,0,0,有,無,2650000,884,0,0192
房地(土地+建物),嘉義縣民雄鄉中和村社溝151~180號,1020226,土地2建物1車位0,全,三層,透天厝,1,225.32,4,2,5,有,無,7800000,34617,0,0193
房地(土地+建物),嘉義縣民雄鄉社溝151~180號,1050812,土地2建物1車位0,全,三層,透天厝,4,225.32,5,2,4,有,無,9320000,41363,0,0193
房地(土地+建物),中和村社溝151~180號,1091212,土地2建物1車位0,全,三層,透天厝,8,225.32,4,2,5,有,無,11500000,51039,0,0193
房地(土地+建物)+車位,嘉義縣朴子市吉祥七街91~120號,1030930,土地2建物1車位1,二層,八層,華廈(10層含以下有電梯),0,52.1,2,1,1,有,有,3000000,93626,165000,0194
房地(土地+建物)+車位,吉祥七街91~120號,1091015,土地2建物2車位2,二層,八層,華廈(10層含以下有電梯),6,188.8,3,2,2,有,有,6500000,34428,0,0194
房地(土地+建物)+車位,吉祥七街91~120號,1100107,土地2建物2車位2,二層,八層,華廈(10層含以下有電梯),6,188.8,3,2,2,有,有,6500000,34428,0,0194
房地(土地+建物),嘉義縣朴子市大?榔271~300號,1041117,土地1建物1車位0,全,四層,透天厝,20,167.83,4,3,3,有,無,3250000,19365,0,0195
房地(土地+建物),大榔271~300號,1100105,土地1建物1車位0,全,四層,透天厝,25,167.83,3,2,2,有,無,4600000,27409,0,0195
土地,東岑段331~360地號,1050810,土地3建物0車位0,,,其他,-1,0.0,0,0,0,有,無,1450000,188,0,0196
土地,東岑段331~360地號,1091118,土地2建物0車位0,,,其他,-1,0.0,0,0,0,有,無,2500000,559,0,0196
房地(土地+建物),嘉義縣民雄鄉福樂村1鄰埤角路1~30號,1011227,土地1建物1車位0,六層,十一層,華廈(10層含以下有電梯),18,87.48,3,2,2,有,有,650000,7430,0,0197
房地(土地+建物)+車位,福樂村埤角1~30號,1090818,土地1建物1車位1,六層,十一層,住宅大樓(11層含以上有電梯),26,132.42000000000002,3,2,2,有,有,3200000,24166,0,0197
房地(土地+建物)+車位,福樂村埤角1~30號,1091231,土地1建物1車位1,六層,十一層,住宅大樓(11層含以上有電梯),26,132.42000000000002,3,2,2,有,有,4800000,36248,0,0197
房地(土地+建物),和睦村中華路798巷31~60號,1090731,土地1建物1車位0,全,三層,透天厝,14,152.29,4,2,3,有,無,7160000,47016,0,0198
房地(土地+建物),和睦村中華路798巷31~60號,1091008,土地1建物1車位0,全,三層,透天厝,14,152.29,4,2,3,有,無,8100000,53188,0,0198
土地,五穀王段301~330地號,1021001,土地2建物0車位0,,,其他,-1,0.0,0,0,0,有,無,7426745,16822,0,0199
土地,五穀王段301~330地號,1091208,土地1建物0車位0,,,其他,-1,0.0,0,0,0,有,無,5278000,25105,0,0199
土地,大工一段1~30地號,1070802,土地1建物0車位0,,,其他,0,0.0,0,0,0,有,無,82187544,4695,0,0200
土地,大工一段1~30地號,1091230,土地1建物0車位0,,,其他,-1,0.0,0,0,0,有,無,194119000,11089,0,0200
土地,嘉朴段241~270地號,1100106,土地1建物0車位0,,,其他,-1,0.0,0,0,0,有,無,61511862,36313,0,0201
土地,嘉朴段241~270地號,1100106,土地1建物0車位0,,,其他,-1,0.0,0,0,0,有,無,184535585,36313,0,0201
土地,嘉朴段241~270地號,1100106,土地1建物0車位0,,,其他,-1,0.0,0,0,0,有,無,184535585,36313,0,0201
土地,嘉朴段241~270地號,1100106,土地1建物0車位0,,,其他,-1,0.0,0,0,0,有,無,61511862,36313,0,0201
土地,嘉朴段241~270地號,1100106,土地1建物0車位0,,,其他,-1,0.0,0,0,0,有,無,123023723,36313,0,0201
房地(土地+建物),嘉義縣水上鄉寬士村崎子頭1~30號,1060814,土地1建物1車位0,全,一層,透天厝,40,68.16,3,2,1,有,無,1800000,26408,0,0206
房地(土地+建物),寬士村崎子頭1~30號,1091122,土地1建物1車位0,全,一層,透天厝,43,68.16,3,2,1,有,無,3600000,52817,0,0206
土地,埔心段埔心小段301~330地號,1070320,土地1建物0車位0,,,其他,0,0.0,0,0,0,有,無,2959700,1700,0,0207
土地,埔心段埔心小段301~330地號,1090528,土地1建物0車位0,,,其他,0,0.0,0,0,0,有,無,3700000,2125,0,0207
土地,埔心段埔心小段301~330地號,1091211,土地1建物0車位0,,,其他,-1,0.0,0,0,0,有,無,4000000,2298,0,0207
土地,崎子頭段崎子頭小段91~120地號,1070825,土地1建物0車位0,,,其他,0,0.0,0,0,0,有,無,6450000,3947,0,0208
土地,崎子頭段崎子頭小段91~120地號,1091229,土地1建物0車位0,,,其他,-1,0.0,0,0,0,有,無,6920000,4235,0,0208
房地(土地+建物),嘉義縣朴子市朴子六路61~90號,1020621,土地1建物1車位0,一層，二層,十層,華廈(10層含以下有電梯),16,133.24,2,2,2,有,有,4250000,31897,0,0209
房地(土地+建物),朴子六路61~90號,1091118,土地1建物1車位0,一層，二層,十層,華廈(10層含以下有電梯),24,133.24,2,2,2,有,有,4500000,33774,0,0209
土地,吳竹子腳段德家小段571~600地號,1060612,土地1建物0車位0,,,其他,-1,0.0,0,0,0,有,無,4576500,1500,0,0210
土地,吳竹子腳段德家小段571~600地號,1091229,土地1建物0車位0,,,其他,-1,0.0,0,0,0,有,無,4750000,1557,0,0210
土地,港墘段港墘小段631~660地號,1040527,土地1建物0車位0,,,其他,0,0.0,0,0,0,有,無,6872800,6050,0,0211
土地,港墘段港墘小段631~660地號,1091215,土地1建物0車位0,,,其他,-1,0.0,0,0,0,有,無,10072800,8867,0,0211
土地,民工段391~420地號,1080723,土地1建物0車位0,,,其他,0,0.0,0,0,0,有,無,7000000,30303,0,0212
土地,民工段391~420地號,1091208,土地1建物0車位0,,,其他,-1,0.0,0,0,0,有,無,8200000,35498,0,0212
土地,下塗溝段61~90地號,1070301,土地2建物0車位0,,,其他,0,0.0,0,0,0,有,無,2123000,890,0,0213
土地,下塗溝段61~90地號,1091118,土地2建物0車位0,,,其他,-1,0.0,0,0,0,有,無,2200000,1085,0,0213
土地,瓦厝埔段1141~1170地號,1060109,土地1建物0車位0,,,其他,0,0.0,0,0,0,有,無,50000,453,0,0214
土地,瓦厝埔段1141~1170地號,1100115,土地1建物0車位0,,,其他,-1,0.0,0,0,0,有,無,180000,816,0,0214
土地,管事厝段管厝小段211~240地號,1030303,土地2建物0車位0,,,其他,-1,0.0,0,0,0,有,無,6500000,1748,0,0215
土地,管事厝段管厝小段211~240地號,1100104,土地1建物0車位0,,,其他,-1,0.0,0,0,0,有,無,2700000,1789,0,0215
房地(土地+建物),嘉義縣大林鎮10鄰油車店路31~60號,1040204,土地1建物1車位0,全,三層,透天厝,18,167.3,4,2,2,有,無,3700000,22116,0,0218
房地(土地+建物),過溪里油車店31~60號,1091123,土地1建物1車位0,全,三層,透天厝,24,167.3,4,2,3,有,無,4000000,23909,0,0218
土地,福興段91~120地號,1080731,土地1建物0車位0,,,其他,0,0.0,0,0,0,有,無,13970000,11200,0,0219
土地,福興段91~120地號,1080831,土地1建物0車位0,,,其他,0,0.0,0,0,0,有,無,5000000,10158,0,0219
土地,福興段91~120地號,1100112,土地1建物0車位0,,,其他,-1,0.0,0,0,0,有,無,15000000,12026,0,0219
土地,三角段571~600地號,1091113,土地1建物0車位0,,,其他,-1,0.0,0,0,0,有,無,917,380,0,0220
土地,三角段571~600地號,1091113,土地1建物0車位0,,,其他,-1,0.0,0,0,0,有,無,458,379,0,0220
土地,三角段571~600地號,1091113,土地1建物0車位0,,,其他,-1,0.0,0,0,0,有,無,57,0,0,0220
土地,三角段571~600地號,1091113,土地1建物0車位0,,,其他,-1,0.0,0,0,0,有,無,89743,380,0,0221
土地,三角段571~600地號,1091113,土地1建物0車位0,,,其他,-1,0.0,0,0,0,有,無,179485,380,0,0221
土地,三角段571~600地號,1091113,土地1建物0車位0,,,其他,-1,0.0,0,0,0,有,無,11218,380,0,0221
土地,三角段571~600地號,1091113,土地1建物0車位0,,,其他,-1,0.0,0,0,0,有,無,1593,380,0,0222
土地,三角段571~600地號,1091113,土地1建物0車位0,,,其他,-1,0.0,0,0,0,有,無,25485,380,0,0222
土地,三角段571~600地號,1091113,土地1建物0車位0,,,其他,-1,0.0,0,0,0,有,無,12742,380,0,0222
土地,三角段571~600地號,1091113,土地1建物0車位0,,,其他,-1,0.0,0,0,0,有,無,22673,380,0,0223
土地,三角段571~600地號,1091113,土地1建物0車位0,,,其他,-1,0.0,0,0,0,有,無,45345,380,0,0223
土地,三角段571~600地號,1091113,土地1建物0車位0,,,其他,-1,0.0,0,0,0,有,無,2834,380,0,0223
土地,三角段571~600地號,1091113,土地1建物0車位0,,,其他,-1,0.0,0,0,0,有,無,3499,380,0,0224
土地,三角段571~600地號,1091113,土地1建物0車位0,,,其他,-1,0.0,0,0,0,有,無,55983,380,0,0224
土地,三角段571~600地號,1091113,土地1建物0車位0,,,其他,-1,0.0,0,0,0,有,無,27991,380,0,0224
土地,三角段571~600地號,1091113,土地1建物0車位0,,,其他,-1,0.0,0,0,0,有,無,1217,380,0,0226
土地,三角段571~600地號,1091113,土地1建物0車位0,,,其他,-1,0.0,0,0,0,有,無,9737,380,0,0226
土地,三角段571~600地號,1091113,土地1建物0車位0,,,其他,-1,0.0,0,0,0,有,無,421243,380,0,0237
土地,三角段571~600地號,1091113,土地1建物0車位0,,,其他,-1,0.0,0,0,0,有,無,421243,380,0,0237
土地,三角段571~600地號,1091113,土地1建物0車位0,,,其他,-1,0.0,0,0,0,有,無,123111,380,0,0238
土地,三角段571~600地號,1091113,土地1建物0車位0,,,其他,-1,0.0,0,0,0,有,無,123111,380,0,0238
土地,三角段571~600地號,1091113,土地1建物0車位0,,,其他,-1,0.0,0,0,0,有,無,879504,380,0,0239
土地,三角段571~600地號,1091113,土地1建物0車位0,,,其他,-1,0.0,0,0,0,有,無,879504,380,0,0239
土地,三角段601~630地號,1091113,土地1建物0車位0,,,其他,-1,0.0,0,0,0,有,無,100558,380,0,0240
土地,三角段601~630地號,1091113,土地1建物0車位0,,,其他,-1,0.0,0,0,0,有,無,100558,380,0,0240
土地,三角段601~630地號,1091113,土地1建物0車位0,,,其他,-1,0.0,0,0,0,有,無,100558,380,0,0240
土地,三角段601~630地號,1091113,土地1建物0車位0,,,其他,-1,0.0,0,0,0,有,無,1072615,380,0,0240
土地,三角段601~630地號,1091113,土地1建物0車位0,,,其他,-1,0.0,0,0,0,有,無,938538,380,0,0240
土地,三角段601~630地號,1091113,土地1建物0車位0,,,其他,-1,0.0,0,0,0,有,無,100558,380,0,0240
土地,三角段601~630地號,1091113,土地1建物0車位0,,,其他,-1,0.0,0,0,0,有,無,804461,380,0,0240
土地,三角段601~630地號,1091113,土地1建物0車位0,,,其他,-1,0.0,0,0,0,有,無,804461,380,0,0240
土地,三角段601~630地號,1091113,土地1建物0車位0,,,其他,-1,0.0,0,0,0,有,無,402231,380,0,0240
房地(土地+建物),嘉義縣太保市北新里11鄰北興路301~330號,1090625,土地1建物1車位0,全,二層,透天厝,38,95.3,3,2,2,有,無,2500000,26233,0,0241
房地(土地+建物),北新里北興路301~330號,1091215,土地1建物1車位0,全,二層,透天厝,39,95.3,4,3,3,有,無,5550000,58237,0,0241
土地,三角段631~660地號,1091113,土地1建物0車位0,,,其他,-1,0.0,0,0,0,有,無,373586,380,0,0250
土地,三角段631~660地號,1091113,土地1建物0車位0,,,其他,-1,0.0,0,0,0,有,無,373586,380,0,0250
土地,三角段631~660地號,1091113,土地1建物0車位0,,,其他,-1,0.0,0,0,0,有,無,373586,380,0,0250
土地,三角段661~690地號,1091113,土地1建物0車位0,,,其他,-1,0.0,0,0,0,有,無,16828,380,0,0251
土地,三角段661~690地號,1091113,土地1建物0車位0,,,其他,-1,0.0,0,0,0,有,無,16828,380,0,0251
土地,三角段661~690地號,1091113,土地1建物0車位0,,,其他,-1,0.0,0,0,0,有,無,16828,380,0,0251
土地,三角段601~630地號,1091113,土地1建物0車位0,,,其他,-1,0.0,0,0,0,有,無,116106,380,0,0255
土地,三角段601~630地號,1091113,土地1建物0車位0,,,其他,-1,0.0,0,0,0,有,無,46443,380,0,0255
土地,三角段601~630地號,1091113,土地1建物0車位0,,,其他,-1,0.0,0,0,0,有,無,46443,380,0,0255
土地,三角段601~630地號,1091113,土地1建物0車位0,,,其他,-1,0.0,0,0,0,有,無,46443,380,0,0255
土地,三角段601~630地號,1091113,土地1建物0車位0,,,其他,-1,0.0,0,0,0,有,無,179750,380,0,0256
土地,三角段601~630地號,1091113,土地1建物0車位0,,,其他,-1,0.0,0,0,0,有,無,539249,380,0,0256
土地,三角段601~630地號,1091113,土地1建物0車位0,,,其他,-1,0.0,0,0,0,有,無,261843,380,0,0257
土地,三角段601~630地號,1091113,土地1建物0車位0,,,其他,-1,0.0,0,0,0,有,無,87281,380,0,0257
土地,三角段601~630地號,1091113,土地1建物0車位0,,,其他,-1,0.0,0,0,0,有,無,127441,380,0,0258
土地,三角段601~630地號,1091113,土地1建物0車位0,,,其他,-1,0.0,0,0,0,有,無,382322,380,0,0258
土地,三角段601~630地號,1091113,土地1建物0車位0,,,其他,-1,0.0,0,0,0,有,無,466268,380,0,0262
土地,三角段601~630地號,1091113,土地1建物0車位0,,,其他,-1,0.0,0,0,0,有,無,466268,380,0,0262
土地,三角段601~630地號,1091113,土地1建物0車位0,,,其他,-1,0.0,0,0,0,有,無,699814,380,0,0267
土地,三角段601~630地號,1091113,土地1建物0車位0,,,其他,-1,0.0,0,0,0,有,無,174953,380,0,0267
土地,三角段601~630地號,1091113,土地1建物0車位0,,,其他,-1,0.0,0,0,0,有,無,524860,380,0,0267
房地(土地+建物),嘉義縣水上鄉柳鄉村柳子林151~180號,1060722,土地1建物1車位0,四層,五層,公寓(5樓含以下無電梯),20,119.35000000000001,3,1,1,有,有,1500000,12568,0,0270
房地(土地+建物),嘉義縣水上鄉柳鄉村柳子林151~180號,1070305,土地1建物1車位0,四層,五層,公寓(5樓含以下無電梯),21,119.35000000000001,3,1,1,有,有,1850000,15501,0,0270
房地(土地+建物),柳鄉村柳子林151~180號,1100108,土地1建物1車位0,四層,五層,華廈(10層含以下有電梯),24,119.35000000000001,3,1,1,有,有,2280000,19103,0,0270
房地(土地+建物),嘉義縣大林鎮平林里17鄰莊敬路176巷1~30號,1040720,土地1建物1車位0,二層,五層,公寓(5樓含以下無電梯),32,84.52000000000001,3,2,2,有,無,1450000,17156,0,0271
房地(土地+建物),平林里17鄰莊敬路176巷1~30號,1100105,土地5建物1車位0,二層,五層,公寓(5樓含以下無電梯),38,84.86999999999999,3,2,2,有,無,2300000,27100,0,0271
房地(土地+建物),嘉義縣民雄鄉福樂村22鄰建國路三段124巷1~30號,1040729,土地1建物1車位0,全,二層,透天厝,38,91.2,3,1,1,有,無,2150000,23575,0,0272
房地(土地+建物),福樂村建國路三段124巷1~30號,1091228,土地1建物1車位0,全,二層,透天厝,43,91.2,4,2,3,有,無,3600000,39474,0,0272
房地(土地+建物),嘉義縣民雄鄉文隆村13鄰建國路二段241~270號,1070807,土地1建物1車位0,全,二層,透天厝,38,109.86,0,0,0,無,無,2800000,25487,0,0273
房地(土地+建物),文隆村建國路二段241~270號,1091223,土地1建物1車位0,全,二層,透天厝,40,109.86,3,1,4,有,無,4680000,42600,0,0273
土地,新大埔美段3151~3180地號,1050627,土地1建物0車位0,,,其他,0,0.0,0,0,0,有,無,1280000,646,0,0274
土地,新大埔美段3151~3180地號,1091224,土地1建物0車位0,,,其他,-1,0.0,0,0,0,有,無,1800000,909,0,0274
土地,三角段661~690地號,1091113,土地1建物0車位0,,,其他,-1,0.0,0,0,0,有,無,10402,380,0,0277
土地,三角段661~690地號,1091113,土地1建物0車位0,,,其他,-1,0.0,0,0,0,有,無,10402,380,0,0277
土地,三角段661~690地號,1091113,土地1建物0車位0,,,其他,-1,0.0,0,0,0,有,無,10402,380,0,0277
土地,三角段631~660地號,1091113,土地1建物0車位0,,,其他,-1,0.0,0,0,0,有,無,117563,380,0,0281
土地,三角段631~660地號,1091113,土地1建物0車位0,,,其他,-1,0.0,0,0,0,有,無,117563,380,0,0281
土地,三角段661~690地號,1091113,土地1建物0車位0,,,其他,-1,0.0,0,0,0,有,無,52324,380,0,0282
土地,三角段661~690地號,1091113,土地1建物0車位0,,,其他,-1,0.0,0,0,0,有,無,52324,380,0,0282
土地,三角段1171~1200地號,1091113,土地1建物0車位0,,,其他,-1,0.0,0,0,0,有,無,385300,380,0,0287
土地,三角段1171~1200地號,1091113,土地1建物0車位0,,,其他,-1,0.0,0,0,0,有,無,1155901,380,0,0287
土地,三角段1171~1200地號,1091113,土地1建物0車位0,,,其他,-1,0.0,0,0,0,有,無,385300,380,0,0287
土地,三角段1201~1230地號,1091113,土地1建物0車位0,,,其他,-1,0.0,0,0,0,有,無,576876,380,0,0290
土地,三角段1201~1230地號,1091113,土地1建物0車位0,,,其他,-1,0.0,0,0,0,有,無,72110,380,0,0290
土地,三角段1201~1230地號,1091113,土地1建物0車位0,,,其他,-1,0.0,0,0,0,有,無,72110,380,0,0290
土地,三角段1201~1230地號,1091113,土地1建物0車位0,,,其他,-1,0.0,0,0,0,有,無,72110,380,0,0290
土地,三角段1201~1230地號,1091113,土地1建物0車位0,,,其他,-1,0.0,0,0,0,有,無,72110,380,0,0290
土地,三角段1201~1230地號,1091113,土地1建物0車位0,,,其他,-1,0.0,0,0,0,有,無,72110,380,0,0290
土地,三角段1201~1230地號,1091113,土地1建物0車位0,,,其他,-1,0.0,0,0,0,有,無,576876,380,0,0290
土地,三角段1201~1230地號,1091113,土地1建物0車位0,,,其他,-1,0.0,0,0,0,有,無,384584,380,0,0290
土地,三角段1201~1230地號,1091113,土地1建物0車位0,,,其他,-1,0.0,0,0,0,有,無,384584,380,0,0290
土地,三角段1201~1230地號,1091113,土地1建物0車位0,,,其他,-1,0.0,0,0,0,有,無,72110,380,0,0290
土地,三角段1201~1230地號,1091113,土地1建物0車位0,,,其他,-1,0.0,0,0,0,有,無,384584,380,0,0290
土地,後庄段後庄小段121~150地號,1090824,土地1建物0車位0,,,其他,-1,0.0,0,0,0,有,無,1650000,949,0,0291
土地,後庄段後庄小段121~150地號,1100105,土地1建物0車位0,,,其他,-1,0.0,0,0,0,有,無,1650000,949,0,0291
土地,更寮段181~210地號,1030313,土地1建物0車位0,,,其他,-1,0.0,0,0,0,有,無,286400,287,0,0292
土地,更寮段181~210地號,1100117,土地1建物0車位0,,,其他,-1,0.0,0,0,0,有,無,400000,400,0,0292
房地(土地+建物)+車位,嘉義縣太保市春珠里保鐵一路二段91~120號,1070206,土地1建物1車位2,二層,十六層,華廈(10層含以下有電梯),1,206.45,3,2,2,有,有,6300000,33601,1370000,0296
房地(土地+建物)+車位,春珠里保鐵一路二段91~120號,1100113,土地1建物1車位2,二層,十六層,住宅大樓(11層含以上有電梯),4,206.45,3,2,2,有,有,6360000,30806,0,0296
房地(土地+建物)+車位,嘉義縣竹崎鄉灣橋村24鄰五間厝31~60號,1040123,土地3建物1車位1,一層，二層，三層，四層,四層,店面(店鋪),0,189.13,4,2,3,有,無,8880000,46952,0,0303
房地(土地+建物),灣橋村24鄰五間厝31~60號,1091220,土地3建物1車位0,全,四層,透天厝,6,189.13,4,2,5,有,無,9800000,51816,0,0303
土地,後崩山段後崩山小段61~90地號,1070921,土地1建物0車位0,,,其他,0,0.0,0,0,0,有,無,1380000,600,0,0304
土地,後崩山段後崩山小段61~90地號,1091226,土地1建物0車位0,,,其他,-1,0.0,0,0,0,有,無,1700000,739,0,0304
房地(土地+建物),嘉義縣朴子市山通路121~150號,1061020,土地1建物1車位0,全,一層,透天厝,33,33.8,2,1,1,有,無,9500000,281065,0,0305
房地(土地+建物),山通路121~150號,1100101,土地1建物1車位0,全,一層,透天厝,37,33.8,3,1,2,有,無,12000000,355030,0,0305
房地(土地+建物),明智路55巷1~30號,1090622,土地1建物1車位0,全,二層,透天厝,41,93.48,4,2,2,有,無,3450000,36906,0,0306
房地(土地+建物),明智路55巷1~30號,1091228,土地1建物1車位0,全,二層,透天厝,42,93.48,4,3,2,有,無,4650000,49743,0,0306
房地(土地+建物),嘉義縣溪口鄉坪頂村中正東路31~60號,1090515,土地2建物1車位0,全,三層,透天厝,0,198.38,5,2,2,有,無,11260000,56760,0,0307
房地(土地+建物),坪頂村中正東路31~60號,1091125,土地2建物1車位0,全,三層,透天厝,1,198.38,4,2,5,有,無,9280000,46779,0,0307
土地,水頭段1081~1110地號,1010927,土地1建物0車位0,,,其他,-1,0.0,0,0,0,有,無,300000,43507,0,0308
土地,水頭段1081~1110地號,1090622,土地1建物0車位0,,,其他,-1,0.0,0,0,0,有,無,380000,27556,0,0308
土地,水頭段1081~1110地號,1100125,土地1建物0車位0,,,其他,-1,0.0,0,0,0,有,無,50000,14493,0,0308
房地(土地+建物),嘉義縣民雄鄉頂崙村崙子頂1~30號,1031103,土地2建物1車位0,全,四層,透天厝,0,257.9,3,2,2,有,無,5900000,22877,0,0309
房地(土地+建物),頂崙村崙子頂1~30號,1100120,土地2建物1車位0,全,四層,透天厝,6,257.9,4,2,5,有,無,6300000,24428,0,0309
土地,三角段1201~1230地號,1091113,土地1建物0車位0,,,其他,-1,0.0,0,0,0,有,無,88892,380,0,0314
土地,三角段1201~1230地號,1091113,土地1建物0車位0,,,其他,-1,0.0,0,0,0,有,無,88892,380,0,0314
土地,三角段1201~1230地號,1091113,土地1建物0車位0,,,其他,-1,0.0,0,0,0,有,無,177784,380,0,0314
土地,三角段1231~1260地號,1091113,土地1建物0車位0,,,其他,-1,0.0,0,0,0,有,無,540573,380,0,0317
土地,三角段1231~1260地號,1091113,土地1建物0車位0,,,其他,-1,0.0,0,0,0,有,無,540573,380,0,0317
土地,三角段1261~1290地號,1091113,土地1建物0車位0,,,其他,-1,0.0,0,0,0,有,無,587294,380,0,0319
土地,三角段1261~1290地號,1091113,土地1建物0車位0,,,其他,-1,0.0,0,0,0,有,無,391529,380,0,0319
土地,三角段1261~1290地號,1091113,土地1建物0車位0,,,其他,-1,0.0,0,0,0,有,無,195765,380,0,0319
房地(土地+建物)+車位,嘉義縣太保市舊埤里新安一街1巷1~30號,1060815,土地2建物1車位0,四層,五層,公寓(5樓含以下無電梯),18,99.83,3,2,2,有,有,1550000,15526,0,0321
房地(土地+建物),嘉義縣太保市舊埤里新安一街1巷1~30號,1070822,土地2建物1車位0,四層,五層,華廈(10層含以下有電梯),19,99.83,3,2,2,有,無,1600000,16027,0,0321
房地(土地+建物),舊埤里新安一街1巷1~30號,1100104,土地2建物1車位0,四層,五層,華廈(10層含以下有電梯),22,99.83,3,1,1,有,有,2180000,21837,0,0321
房地(土地+建物),嘉義縣中埔鄉中山路五段271~300號,1040608,土地5建物1車位0,一層,一層,其他,1,328.26,0,0,0,無,無,4917240,14980,0,0322
房地(土地+建物),嘉義縣中埔鄉和睦村中山路五段271~300號,1050330,土地5建物1車位0,一層,一層,工廠,1,164.13,0,0,0,無,無,2458620,,0,0322
房地(土地+建物),和睦村中山路五段271~300號,1100104,土地11建物1車位0,全,一層,透天厝,6,164.13,0,0,0,無,無,77080000,469628,0,0322
房地(土地+建物),嘉義縣竹崎鄉白杞村白杞1~30號,1070428,土地1建物1車位0,全,二層,透天厝,33,121.24,3,2,2,有,無,1200000,9898,0,0323
房地(土地+建物),白杞村3鄰白杞1~30號,1100107,土地1建物1車位0,全,二層,透天厝,35,121.24,3,2,2,有,無,1800000,14847,0,0323
土地,樟樹坪段961~990地號,1100115,土地1建物0車位0,,,其他,-1,0.0,0,0,0,有,無,380000,189,0,0324
土地,樟樹坪段961~990地號,1100121,土地1建物0車位0,,,其他,-1,0.0,0,0,0,有,無,200000,199,0,0324
土地,本廳段301~330地號,1080212,土地4建物0車位0,,,其他,0,0.0,0,0,0,有,無,2000000,2872,0,0326
土地,本廳段301~330地號,1100115,土地2建物0車位0,,,其他,-1,0.0,0,0,0,有,無,880600,2800,0,0326
土地,新大埔美段841~870地號,1030919,土地2建物0車位0,,,其他,0,0.0,0,0,0,有,無,8780000,1537,0,0327
土地,新大埔美段841~870地號,1060728,土地2建物0車位0,,,其他,0,0.0,0,0,0,有,無,6800000,1191,0,0327
土地,新大埔美段841~870地號,1091212,土地2建物0車位0,,,其他,-1,0.0,0,0,0,有,無,7360000,1289,0,0327
土地,三角段1291~1320地號,1091113,土地1建物0車位0,,,其他,-1,0.0,0,0,0,有,無,35471,380,0,0329
土地,三角段1291~1320地號,1091113,土地1建物0車位0,,,其他,-1,0.0,0,0,0,有,無,472945,380,0,0329
土地,三角段1291~1320地號,1091113,土地1建物0車位0,,,其他,-1,0.0,0,0,0,有,無,207912,380,0,0331
土地,三角段1291~1320地號,1091113,土地1建物0車位0,,,其他,-1,0.0,0,0,0,有,無,207912,380,0,0331
土地,三角段1291~1320地號,1091113,土地1建物0車位0,,,其他,-1,0.0,0,0,0,有,無,415825,380,0,0331
土地,三角段1291~1320地號,1091113,土地1建物0車位0,,,其他,-1,0.0,0,0,0,有,無,18182,390,0,0334
土地,三角段1291~1320地號,1091113,土地1建物0車位0,,,其他,-1,0.0,0,0,0,有,無,6061,390,0,0334
土地,三角段1291~1320地號,1091113,土地1建物0車位0,,,其他,-1,0.0,0,0,0,有,無,6061,390,0,0334
土地,三角段1291~1320地號,1091113,土地1建物0車位0,,,其他,-1,0.0,0,0,0,有,無,6061,390,0,0334
土地,茄苳段春珠小段331~360地號,1060829,土地1建物0車位0,,,其他,0,0.0,0,0,0,有,無,6021000,2700,0,0338
土地,茄苳,1091231,土地2建物0車位0,,,其他,-1,0.0,0,0,0,有,無,22000000,4933,0,0338
土地,好收段竹圍後小段1021~1050地號,1091012,土地1建物0車位0,,,其他,-1,0.0,0,0,0,有,無,5000000,1152,0,0339
土地,好收段竹圍後小段1021~1050地號,1100103,土地1建物0車位0,,,其他,-1,0.0,0,0,0,有,無,6500000,1498,0,0339
房地(土地+建物),嘉義縣民雄鄉金興村13鄰惠安路53巷31~60號,1081021,土地1建物1車位0,全,二層,透天厝,37,93.07,3,2,2,有,無,2500000,26862,0,0340
房地(土地+建物),金興村13鄰惠安路53巷31~60號,1091226,土地1建物1車位0,全,二層,透天厝,38,93.07,4,2,3,有,無,4360000,46846,0,0340
土地,崩山段崩山小段421~450地號,1071213,土地1建物0車位0,,,其他,0,0.0,0,0,0,有,無,800000,710,0,0341
土地,崩山段崩山小段421~450地號,1081112,土地1建物0車位0,,,其他,0,0.0,0,0,0,有,無,1200000,355,0,0341
土地,崩山段崩山小段421~450地號,1090602,土地1建物0車位0,,,其他,-1,0.0,0,0,0,有,無,1800000,532,0,0341
土地,崩山段崩山小段421~450地號,1091229,土地1建物0車位0,,,其他,-1,0.0,0,0,0,有,無,12500000,3697,0,0341
房地(土地+建物),豐收村7鄰大學路二段3511~3540號,1091109,土地3建物1車位0,四層,五層,華廈(10層含以下有電梯),24,45.36,1,1,1,有,有,980000,21605,0,0342
房地(土地+建物),豊收村大學路二段3511~3540號,1091226,土地3建物1車位0,四層,五層,華廈(10層含以下有電梯),24,45.36,1,1,1,有,有,1500000,33069,0,0342
土地,護生段91~120地號,1030617,土地1建物0車位0,,,其他,0,0.0,0,0,0,有,無,5000000,1491,0,0343
土地,護生段91~120地號,1040728,土地1建物0車位0,,,其他,0,0.0,0,0,0,有,無,5200000,1551,0,0343
土地,護生段91~120地號,1091016,土地1建物0車位0,,,其他,-1,0.0,0,0,0,有,無,6280000,1873,0,0343
房地(土地+建物),和美村中山新91~120號,1091012,土地4建物1車位0,全,三層,透天厝,0,193.26,5,3,5,有,無,9700000,50191,0,0344
房地(土地+建物),和美村中山新91~120號,1100108,土地4建物1車位0,全,三層,透天厝,1,193.26,4,3,5,有,無,10300000,53296,0,0344
土地,中崙段61~90地號,1080822,土地1建物0車位0,,,其他,0,0.0,0,0,0,有,無,500000,199,0,0345
土地,中崙段61~90地號,1100126,土地1建物0車位0,,,其他,-1,0.0,0,0,0,有,無,680000,270,0,0345
房地(土地+建物)+車位,嘉義縣中埔鄉中埔鄉和美村7鄰忠義路19巷31~60號,1010921,土地1建物1車位1,全,四層,透天厝,5,172.62,4,3,3,有,無,5800000,33600,0,0346
房地(土地+建物),和美村忠義路19巷31~60號,1091230,土地1建物1車位0,全,四層,透天厝,14,172.62,3,3,3,有,無,8700000,50400,0,0346
房地(土地+建物),和興村33鄰中華路305巷1~30號,1090731,土地1建物1車位0,全,二層,透天厝,41,106.52,6,2,2,有,無,2200000,20653,0,0347
房地(土地+建物),和興村中華路305巷1~30號,1091013,土地1建物1車位0,全,二層,透天厝,41,106.52,4,2,2,有,無,5070000,47597,0,0347
房地(土地+建物)+車位,嘉義縣太保市春珠里保鐵一路二段91~120號,1060613,土地1建物1車位1,三層,十六層,住宅大樓(11層含以上有電梯),0,182.26,3,2,2,有,有,6950000,41276,660000,0348
房地(土地+建物)+車位,春珠里保鐵一路二段91~120號,1091220,土地1建物1車位1,三層,十六層,住宅大樓(11層含以上有電梯),4,182.26,3,2,2,有,有,7180000,39394,0,0348
土地,溪西段571~600地號,1100126,土地1建物0車位0,,,其他,-1,0.0,0,0,0,有,無,500000,5952,0,0349
土地,溪西段571~600地號,1100309,土地1建物0車位0,,,其他,-1,0.0,0,0,0,有,無,1000000,11905,0,0349
土地,梅北段1081~1110地號,1040702,土地2建物0車位0,,,其他,0,0.0,0,0,0,有,無,900000,9677,0,0350
土地,梅北段1111~1140地號,1100127,土地2建物0車位0,,,其他,-1,0.0,0,0,0,有,無,520000,11304,0,0350
土地,瓦厝埔段1291~1320地號,1090720,土地1建物0車位0,,,其他,-1,0.0,0,0,0,有,無,160000,160,0,0351
土地,瓦厝埔段1291~1320地號,1100108,土地1建物0車位0,,,其他,-1,0.0,0,0,0,有,無,160000,160,0,0351
土地,公田段61~90地號,1050223,土地1建物0車位0,,,其他,0,0.0,0,0,0,有,無,160000,157,0,0352
土地,公田段61~90地號,1050714,土地1建物0車位0,,,其他,0,0.0,0,0,0,有,無,320000,157,0,0352
土地,公田段61~90地號,1060401,土地1建物0車位0,,,其他,0,0.0,0,0,0,有,無,200000,196,0,0352
土地,公田段61~90地號,1070328,土地1建物0車位0,,,其他,0,0.0,0,0,0,有,無,160000,157,0,0352
土地,公田段61~90地號,1090804,土地1建物0車位0,,,其他,-1,0.0,0,0,0,有,無,120000,118,0,0352
土地,公田段61~90地號,1100127,土地1建物0車位0,,,其他,-1,0.0,0,0,0,有,無,210000,206,0,0352
土地,新水坑段181~210地號,1051222,土地1建物0車位0,,,其他,0,0.0,0,0,0,有,無,1500000,575,0,0353
土地,新水坑段181~210地號,1090220,土地1建物0車位0,,,其他,-1,0.0,0,0,0,有,無,2500000,958,0,0353
土地,石段331~360地號,1030310,土地1建物0車位0,,,其他,-1,0.0,0,0,0,有,無,82000,82,0,0354
土地,石段331~360地號,1030506,土地1建物0車位0,,,其他,0,0.0,0,0,0,有,無,164000,82,0,0354
土地,石,1100122,土地1建物0車位0,,,其他,-1,0.0,0,0,0,有,無,100000,100,0,0354
土地,三層崎段1~30地號,1060811,土地1建物0車位0,,,其他,0,0.0,0,0,0,有,無,330000,165,0,0355
土地,三層崎段1~30地號,1060912,土地1建物0車位0,,,其他,-1,0.0,0,0,0,有,無,160000,160,0,0355
土地,三層崎段1~30地號,1100127,土地1建物0車位0,,,其他,-1,0.0,0,0,0,有,無,170000,170,0,0355
房地(土地+建物),忠和村石仔缸1~30號,1090618,土地1建物1車位0,全,一層,透天厝,39,63.45,3,2,1,有,無,2000000,31521,0,0356
房地(土地+建物),忠和村石仔缸1~30號,1100119,土地1建物1車位0,全,一層,透天厝,40,63.45,3,2,2,有,無,3600000,56738,0,0356
房地(土地+建物),嘉義縣民雄鄉福興村新興31~60號,1061208,土地3建物1車位0,全,三層,透天厝,0,188.8,5,3,5,有,無,6680000,35381,0,0357
房地(土地+建物),福興村新興31~60號,1100104,土地3建物1車位0,全,三層,透天厝,3,188.8,5,3,5,有,無,7000000,37076,0,0357
土地,三塊厝段三家小段631~660地號,1051108,土地1建物0車位0,,,其他,0,0.0,0,0,0,有,無,28744,3602,0,0358
土地,三塊厝段三家小段631~660地號,1100129,土地1建物0車位0,,,其他,-1,0.0,0,0,0,有,無,35000,4386,0,0358
土地,溪北段溪北小段901~930地號,1010904,土地1建物0車位0,,,其他,-1,0.0,0,0,0,有,無,1906300,1100,0,0359
土地,溪北段溪北小段901~930地號,1100120,土地1建物0車位0,,,其他,-1,0.0,0,0,0,有,無,1906300,1100,0,0359
土地,秀林段1621~1650地號,1080501,土地2建物0車位0,,,其他,0,0.0,0,0,0,有,無,2055395,10548,0,0360
土地,秀林段1621~1650地號,1091221,土地1建物0車位0,,,其他,-1,0.0,0,0,0,有,無,1728000,15121,0,0360
房地(土地+建物),北新里中山路一段228巷31~60號,1091021,土地1建物1車位0,全,四層,透天厝,3,215.71,3,3,4,有,無,7500000,34769,0,0361
房地(土地+建物),北新里中山路一段228巷31~60號,1091220,土地1建物1車位0,全,四層,透天厝,3,215.71,3,3,4,有,無,8300000,38478,0,0361
土地,吳鳳廟段211~240地號,1040805,土地2建物0車位0,,,其他,0,0.0,0,0,0,有,無,1560000,6658,0,0362
土地,吳鳳廟段211~240地號,1070613,土地2建物0車位0,,,其他,0,0.0,0,0,0,有,無,1030000,4178,0,0362
土地,吳鳳廟段211~240地號,1070911,土地3建物0車位0,,,其他,0,0.0,0,0,0,有,無,4300000,8943,0,0362
土地,吳鳳廟段211~240地號,1071004,土地4建物0車位0,,,其他,0,0.0,0,0,0,有,無,3000000,4079,0,0362
土地,吳鳳廟段211~240地號,1080701,土地2建物0車位0,,,其他,0,0.0,0,0,0,有,無,930000,3772,0,0362
土地,吳鳳廟段211~240地號,1100127,土地2建物0車位0,,,其他,-1,0.0,0,0,0,有,無,935000,3793,0,0362
土地,埤子頭段埤子頭小段271~300地號,1090406,土地2建物0車位0,,,其他,0,0.0,0,0,0,有,無,12746000,1600,0,0363
土地,埤子頭段埤子頭小段271~300地號,1100204,土地2建物0車位0,,,其他,-1,0.0,0,0,0,有,無,6373000,1600,0,0363
土地,建國段751~780地號,1090731,土地1建物0車位0,,,其他,-1,0.0,0,0,0,有,無,417200,21145,0,0364
土地,建國段751~780地號,1100110,土地1建物0車位0,,,其他,-1,0.0,0,0,0,有,無,8271676,21175,0,0364
土地,大草埔段241~270地號,1040326,土地3建物0車位0,,,其他,0,0.0,0,0,0,有,無,2050000,953,0,0365
土地,大草埔段241~270地號,1100110,土地3建物0車位0,,,其他,-1,0.0,0,0,0,有,無,2600000,1209,0,0365
土地,西結段241~270地號,1090603,土地2建物0車位0,,,其他,-1,0.0,0,0,0,有,無,3000000,6241,0,0366
土地,西結段241~270地號,1100121,土地3建物0車位0,,,其他,-1,0.0,0,0,0,有,無,2101500,4541,0,0366
房地(土地+建物),嘉義縣水上鄉柳鄉村柳子林91~120號,1021212,土地2建物1車位0,全,三層,透天厝,23,181.38,4,3,3,有,無,4500000,24810,0,0367
房地(土地+建物),嘉義縣水上鄉柳鄉村柳子林91~120號,1040605,土地2建物1車位0,全,三層,透天厝,24,181.38,4,1,3,有,無,5500000,30323,0,0367
房地(土地+建物),柳鄉村柳子林91~120號,1091129,土地2建物1車位0,全,三層,透天厝,30,181.38,5,3,4,有,無,5450000,30047,0,0367
土地,永和段241~270地號,1060202,土地1建物0車位0,,,其他,0,0.0,0,0,0,有,無,10100000,5526,0,0368
土地,永和段241~270地號,1091230,土地1建物0車位0,,,其他,-1,0.0,0,0,0,有,無,13601573,7441,0,0368
土地,溪子下段福安小段181~210地號,1090925,土地1建物0車位0,,,其他,0,0.0,0,0,0,有,無,395700,1512,0,0369
土地,溪子下段福安小段181~210地號,1100104,土地1建物0車位0,,,其他,-1,0.0,0,0,0,有,無,410000,2114,0,0369
土地,三角段1291~1320地號,1091113,土地1建物0車位0,,,其他,-1,0.0,0,0,0,有,無,866772,400,0,0370
土地,三角段1291~1320地號,1091113,土地1建物0車位0,,,其他,-1,0.0,0,0,0,有,無,866772,400,0,0370
土地,三角段1261~1290地號,1091113,土地1建物0車位0,,,其他,-1,0.0,0,0,0,有,無,1494950,400,0,0372
土地,三角段1261~1290地號,1091113,土地1建物0車位0,,,其他,-1,0.0,0,0,0,有,無,373738,400,0,0372
土地,三角段1261~1290地號,1091113,土地1建物0車位0,,,其他,-1,0.0,0,0,0,有,無,373738,400,0,0372
土地,三角段1261~1290地號,1091113,土地1建物0車位0,,,其他,-1,0.0,0,0,0,有,無,373738,400,0,0372
土地,三角段1261~1290地號,1091113,土地1建物0車位0,,,其他,-1,0.0,0,0,0,有,無,373738,400,0,0372
土地,和溪段541~570地號,1021002,土地1建物0車位0,,,其他,-1,0.0,0,0,0,有,無,2500000,1429,0,0375
土地,和溪段541~570地號,1100107,土地1建物0車位0,,,其他,-1,0.0,0,0,0,有,無,2500000,1429,0,0375
土地,番路段61~90地號,1030725,土地1建物0車位0,,,其他,0,0.0,0,0,0,有,無,80000,80,0,0376
土地,番路段61~90地號,1100129,土地1建物0車位0,,,其他,-1,0.0,0,0,0,有,無,90000,90,0,0376
土地,番路段61~90地號,1100309,土地1建物0車位0,,,其他,-1,0.0,0,0,0,有,無,136000,136,0,0376
土地,南新段841~870地號,1100204,土地7建物0車位0,,,其他,-1,0.0,0,0,0,有,無,8464700,14560,0,0377
土地,南新段841~870地號,1100309,土地7建物0車位0,,,其他,-1,0.0,0,0,0,有,無,7912300,13610,0,0377
土地,五間厝段61~90地號,1071008,土地1建物0車位0,,,其他,0,0.0,0,0,0,有,無,1148000,1237,0,0378
土地,五間厝段61~90地號,1091228,土地1建物0車位0,,,其他,-1,0.0,0,0,0,有,無,957000,1031,0,0378
土地,大堀尾段大堀小段61~90地號,1090226,土地1建物0車位0,,,其他,0,0.0,0,0,0,有,無,2150000,1322,0,0379
土地,大堀尾段大堀小段61~90地號,1100101,土地1建物0車位0,,,其他,-1,0.0,0,0,0,有,無,2800000,1722,0,0379
土地,仁和段721~750地號,1090730,土地2建物0車位0,,,其他,-1,0.0,0,0,0,有,無,1300000,4724,0,0382
土地,仁和段721~750地號,1100114,土地1建物0車位0,,,其他,-1,0.0,0,0,0,有,無,520000,4037,0,0382
房地(土地+建物),嘉義縣民雄鄉三興村神農五街31~60號,1020125,土地3建物1車位0,全,四層,透天厝,0,204.03,5,1,5,有,無,6000000,29407,0,0383
房地(土地+建物),三興村神農五街31~60號,1091125,土地3建物1車位0,全,四層,透天厝,7,204.03,6,0,6,有,無,8000000,39210,0,0383
房地(土地+建物),嘉義縣民雄鄉大崎村10鄰十四甲路61~90號,1061222,土地1建物1車位0,全,二層,透天厝,37,112.09,4,2,2,有,無,2700000,24088,0,0384
房地(土地+建物),大崎村10鄰十四甲路61~90號,1100112,土地1建物1車位0,全,二層,透天厝,40,112.09,6,3,4,有,無,8000000,71371,0,0384
房地(土地+建物),嘉義縣民雄鄉惠安街42巷1~30號,1090508,土地2建物1車位0,全,二層,透天厝,38,112.31,4,2,2,有,無,2900000,25821,0,0385
房地(土地+建物),金興村惠安街42巷1~30號,1091224,土地2建物1車位0,全,二層,透天厝,39,112.31,6,2,3,有,無,5100000,45410,0,0385
房地(土地+建物),嘉義縣水上鄉水上村19鄰良都街31~60號,1041214,土地1建物1車位0,全,二層,透天厝,34,95.94,4,2,2,有,無,2100000,21889,0,0386
房地(土地+建物),水上村良都街31~60號,1100111,土地1建物1車位0,全,二層,透天厝,39,95.94,4,2,2,有,無,4200000,43777,0,0386
房地(土地+建物),嘉義縣太保市北新里中興路一段223巷1~30號,1041214,土地2建物1車位0,全,三層,透天厝,0,159.24,5,2,5,有,無,5850000,36737,0,0387
房地(土地+建物),北新里中興路一段223巷1~30號,1100111,土地2建物1車位0,全,三層,透天厝,5,159.24,5,2,4,有,無,8500000,53379,0,0387
房地(土地+建物),隆興村竹圍仔1~30號,1091214,土地1建物1車位0,全,二層,透天厝,16,5.5,5,2,4,有,無,2195802,399237,0,0388
建物,隆興村竹圍仔1~30號,1100127,土地0建物1車位0,全,二層,透天厝,16,330.21,5,2,4,有,無,644580,1952,0,0388
土地,西結段1291~1320地號,1091229,土地1建物0車位0,,,其他,-1,0.0,0,0,0,有,無,738840,3630,0,0389
土地,西結段1291~1320地號,1100125,土地1建物0車位0,,,其他,-1,0.0,0,0,0,有,無,492000,3630,0,0389
房地(土地+建物),嘉義縣竹崎鄉竹崎村12鄰中山路125巷1~30號,1041028,土地1建物1車位0,全,二層,透天厝,26,118.83,3,1,2,有,無,2000000,16831,0,0390
房地(土地+建物),竹崎村12鄰中山路125巷1~30號,1100105,土地1建物1車位0,全,二層,透天厝,31,118.83,3,1,2,有,無,2400000,20197,0,0390
房地(土地+建物),嘉義縣番路鄉下坑村下坑31~60號,1080710,土地1建物1車位0,全,三層,透天厝,2,224.11,4,3,5,有,無,13600000,60684,0,0391
房地(土地+建物),下坑村8鄰下坑31~60號,1100122,土地1建物1車位0,全,三層,透天厝,3,224.11,4,3,5,有,無,13850000,61800,0,0391
房地(土地+建物),嘉義縣太保市東勢里健康路181~210號,1011031,土地9建物4車位0,全,四層,透天厝,0,199.7,5,3,3,有,有,5360000,26840,0,0392
房地(土地+建物),東勢里健康路183巷10弄1~30號,1100115,土地9建物1車位0,全,四層,透天厝,8,199.7,3,2,3,有,無,7600000,38057,0,0392
房地(土地+建物),嘉義縣大林鎮金興村集福街38巷1~30號,1030610,土地2建物1車位0,全,二層,透天厝,31,176.88,2,1,2,有,無,870000,4919,0,0394
房地(土地+建物),金興村集福街38巷1~30號,1100119,土地2建物1車位0,全,二層,透天厝,38,88.44,2,2,2,有,無,2500000,28268,0,0394
土地,灣北段391~420地號,1090326,土地1建物0車位0,,,其他,0,0.0,0,0,0,有,無,1065786,7865,0,0395
土地,灣北段391~420地號,1100126,土地1建物0車位0,,,其他,-1,0.0,0,0,0,有,無,1229700,9075,0,0395
土地,安家厝段451~480地號,1080426,土地1建物0車位0,,,其他,0,0.0,0,0,0,有,無,30024,1200,0,0397
土地,安家厝段451~480地號,1080426,土地1建物0車位0,,,其他,0,0.0,0,0,0,有,無,30024,1200,0,0397
土地,安家厝段451~480地號,1100208,土地2建物0車位0,,,其他,-1,0.0,0,0,0,有,無,12648000,3630,0,0397
土地,南下坑段1261~1290地號,1090130,土地1建物0車位0,,,其他,0,0.0,0,0,0,有,無,1500000,432,0,0398
土地,南下坑段1261~1290地號,1100117,土地1建物0車位0,,,其他,-1,0.0,0,0,0,有,無,1950000,562,0,0398
房地(土地+建物),坪頂村溪民路25巷31~60號,1091007,土地1建物1車位0,全,三層,透天厝,1,172.43,4,2,5,有,無,7900000,45816,0,0399
房地(土地+建物),坪頂村溪民路25巷31~60號,1100202,土地1建物1車位0,全,三層,透天厝,1,172.43,4,3,5,有,無,7850000,45526,0,0399
土地,山子門段61~90地號,1070820,土地1建物0車位0,,,其他,0,0.0,0,0,0,有,無,300000,411,0,0400
土地,山子門段61~90地號,1081021,土地1建物0車位0,,,其他,0,0.0,0,0,0,有,無,300000,411,0,0400
土地,山子門段61~90地號,1100205,土地1建物0車位0,,,其他,-1,0.0,0,0,0,有,無,300000,411,0,0400
房地(土地+建物),嘉義縣民雄鄉大崎村13鄰十四甲路181~210號,1030415,土地1建物1車位0,全,二層,透天厝,32,115.4,2,1,1,有,無,950000,8232,0,0402
房地(土地+建物),大崎村1~30號,1100120,土地1建物1車位0,全,二層,透天厝,39,115.4,2,2,2,有,無,1500000,12998,0,0402
土地,五間厝段1~30地號,1031120,土地1建物0車位0,,,其他,0,0.0,0,0,0,有,無,1200000,1115,0,0403
土地,五間厝段1~30地號,1100104,土地1建物0車位0,,,其他,-1,0.0,0,0,0,有,無,1625000,1511,0,0403
土地,大湖段91~120地號,1010907,土地1建物0車位0,,,其他,-1,0.0,0,0,0,有,無,85000,85,0,0404
土地,大湖段91~120地號,1020311,土地1建物0車位0,,,其他,-1,0.0,0,0,0,有,無,100000,100,0,0404
土地,大湖段91~120地號,1090227,土地1建物0車位0,,,其他,0,0.0,0,0,0,有,無,130000,130,0,0404
土地,大湖段91~120地號,1090511,土地1建物0車位0,,,其他,0,0.0,0,0,0,有,無,130000,130,0,0404
土地,大湖段91~120地號,1100201,土地1建物0車位0,,,其他,-1,0.0,0,0,0,有,無,130000,130,0,0404
土地,灣潭子段1~30地號,1051025,土地1建物0車位0,,,其他,0,0.0,0,0,0,有,無,1150000,120,0,0405
土地,灣潭子段1~30地號,1060613,土地1建物0車位0,,,其他,-1,0.0,0,0,0,有,無,155000,155,0,0405
土地,灣潭子段1~30地號,1060718,土地1建物0車位0,,,其他,0,0.0,0,0,0,有,無,465000,154,0,0405
土地,灣潭子段1~30地號,1060727,土地1建物0車位0,,,其他,-1,0.0,0,0,0,有,無,155000,155,0,0405
土地,灣潭子段1~30地號,1060821,土地1建物0車位0,,,其他,0,0.0,0,0,0,有,無,660000,165,0,0405
土地,灣潭子段1~30地號,1100216,土地1建物0車位0,,,其他,-1,0.0,0,0,0,有,無,100000,175,0,0405
土地,吳鳳廟段31~60地號,1090730,土地3建物0車位0,,,其他,-1,0.0,0,0,0,有,無,3128000,6948,0,0406
土地,吳鳳廟段31~60地號,1100216,土地2建物0車位0,,,其他,-1,0.0,0,0,0,有,無,1050000,4733,0,0406
房地(土地+建物),嘉義縣布袋鎮新南路31~60號,1041116,土地1建物1車位0,全,四層,透天厝,21,163.48,4,1,3,有,無,2900000,17739,0,0407
房地(土地+建物),新南路31~60號,1100126,土地1建物1車位0,全,四層,透天厝,26,163.48,4,2,3,有,無,2500000,15292,0,0407
土地,復興段541~570地號,1060408,土地1建物0車位0,,,其他,0,0.0,0,0,0,有,無,550000,237,0,0408
土地,復興段541~570地號,1100118,土地1建物0車位0,,,其他,-1,0.0,0,0,0,有,無,1030000,444,0,0408
土地,和睦段421~450地號,1020516,土地6建物0車位0,,,其他,-1,0.0,0,0,0,有,無,3110000,1812,0,0409
土地,和睦段421~450地號,1100113,土地6建物0車位0,,,其他,-1,0.0,0,0,0,有,無,3800000,4058,0,0409
房地(土地+建物),嘉義縣民雄鄉秀林村林子尾31~60號,1040924,土地1建物1車位0,全,二層,透天厝,34,100.08,3,2,2,有,無,2000000,19984,0,0410
房地(土地+建物),秀林村林子尾31~60號,1091225,土地1建物1車位0,全,二層,透天厝,39,100.08,6,2,2,有,無,3200000,31974,0,0410
房地(土地+建物),江西村6鄰平1~30號,1100125,土地2建物1車位0,九層,十九層,住宅大樓(11層含以上有電梯),28,149.71,4,2,2,有,有,1600000,10687,0,0411
房地(土地+建物),江西村6鄰平1~30號,1100125,土地2建物1車位0,九層,十九層,住宅大樓(11層含以上有電梯),28,74.86,4,2,2,有,有,1600000,21376,0,0411
土地,科子林段781~810地號,1090522,土地1建物0車位0,,,其他,-1,0.0,0,0,0,有,無,374600,120,0,0413
土地,科子林段781~810地號,1100209,土地1建物0車位0,,,其他,-1,0.0,0,0,0,有,無,340000,169,0,0413
土地,社口段91~120地號,1040407,土地3建物0車位0,,,其他,0,0.0,0,0,0,有,無,800000,279,0,0414
土地,社口段91~120地號,1100117,土地3建物0車位0,,,其他,-1,0.0,0,0,0,有,無,4150000,725,0,0414
土地,埔東段61~90地號,1090317,土地2建物0車位0,,,其他,0,0.0,0,0,0,有,無,4100000,1525,0,0415
土地,埔東段61~90地號,1091109,土地2建物0車位0,,,其他,-1,0.0,0,0,0,有,無,4550000,1692,0,0415
房地(土地+建物),嘉義縣朴子市菜埔722巷1~30號,1090515,土地2建物1車位0,全,二層,透天厝,38,91.92,3,2,2,有,無,3200000,34813,0,0416
房地(土地+建物),菜埔722巷1~30號,1100125,土地2建物1車位0,全,二層,透天厝,39,91.92,3,1,2,有,無,2480000,26980,0,0416
房地(土地+建物),嘉義縣水上鄉內溪村內溪洲1~30號,1040806,土地1建物1車位0,全,三層,透天厝,23,145.3,4,2,1,有,無,3300000,22712,0,0417
房地(土地+建物),嘉義縣水上鄉內溪村內溪洲1~30號,1071123,土地1建物1車位0,全,三層,透天厝,26,145.3,4,2,3,有,無,3500000,24088,0,0417
房地(土地+建物),內溪村內溪洲1~30號,1100000,土地1建物1車位0,全,三層,透天厝,-1,145.3,4,2,4,有,無,5000000,34412,0,0417
房地(土地+建物),嘉義縣中埔鄉和睦村23鄰中華路361~390號,1020926,土地1建物1車位0,全,三層,透天厝,33,163.58,3,2,3,有,無,3200000,19562,0,0418
房地(土地+建物),和睦村23鄰中華路361~390號,1100218,土地1建物1車位0,全,三層,透天厝,41,163.58,4,2,3,有,無,4800000,29343,0,0418
土地,隆恩段601~630地號,1061024,土地1建物0車位0,,,其他,0,0.0,0,0,0,有,無,1148200,1382,0,0419
土地,隆恩段601~630地號,1100219,土地1建物0車位0,,,其他,-1,0.0,0,0,0,有,無,5522000,3324,0,0419
房地(土地+建物),嘉義縣水上鄉忠和村石仔缸1~30號,1070819,土地1建物1車位0,全,一層,透天厝,41,49.32,2,1,1,有,無,660000,13382,0,0420
房地(土地+建物),忠和村石仔缸1~30號,1100202,土地1建物1車位0,全,一層,透天厝,43,49.32,2,1,1,有,無,660000,13382,0,0420
土地,樟樹坪段961~990地號,1100219,土地1建物0車位0,,,其他,-1,0.0,0,0,0,有,無,190000,189,0,0421
土地,樟樹坪段961~990地號,1100217,土地1建物0車位0,,,其他,-1,0.0,0,0,0,有,無,190000,189,0,0421
土地,樟樹坪段961~990地號,1100208,土地1建物0車位0,,,其他,-1,0.0,0,0,0,有,無,190000,189,0,0421
房地(土地+建物),嘉義縣民雄鄉福樂村光明街31~60號,1070109,土地1建物1車位0,全,三層,透天厝,0,203.23,5,3,5,有,無,8000000,39364,0,0424
房地(土地+建物),福樂村光明街31~60號,1100117,土地1建物1車位0,全,三層,透天厝,3,203.23,5,2,2,有,無,9500000,46745,0,0424
土地,埤子頭段埤子頭小段301~330地號,1060923,土地1建物0車位0,,,其他,0,0.0,0,0,0,有,無,2322680,1650,0,0425
土地,埤子頭段埤子頭小段301~330地號,1100124,土地2建物0車位0,,,其他,-1,0.0,0,0,0,有,無,7323500,1888,0,0425
房地(土地+建物),嘉義縣朴子市八德路211~240號,1090408,土地1建物1車位0,全,三層,透天厝,3,217.47,3,2,4,有,無,12800000,58859,0,0427
房地(土地+建物),八德路211~240號,1100115,土地1建物1車位0,全,三層,透天厝,4,217.47,3,3,4,有,無,13000000,59778,0,0427
土地,布鹽段91~120地號,1070115,土地3建物0車位0,,,其他,0,0.0,0,0,0,有,無,1960000,1895,0,0428
土地,布鹽段91~120地號,1100204,土地3建物0車位0,,,其他,-1,0.0,0,0,0,有,無,3060000,2959,0,0428
房地(土地+建物),嘉義縣水上鄉柳林村11鄰柳子林1471~1500號,1050620,土地1建物1車位0,全,三層,透天厝,36,127.28,4,1,2,有,無,1950000,15321,0,0429
房地(土地+建物),嘉義縣水上鄉柳林村11鄰柳子林1471~1500號,1070311,土地1建物1車位0,全,三層,透天厝,37,127.28,4,2,2,有,無,3200000,25141,0,0429
土地,柳林段751~780地號,1100204,土地1建物1車位0,一層，二層，三層,三層,其他,40,127.28,0,0,0,有,無,2300000,30658,0,0429
房地(土地+建物),嘉義縣太保市太保1~30號,1030206,土地1建物1車位0,全,四層,透天厝,20,147.5,4,1,3,有,無,2700000,18305,0,0431
房地(土地+建物),太保里太保1~30號,1100203,土地1建物1車位0,全,四層,透天厝,27,158.48,5,2,3,有,無,4380000,27638,0,0431
房地(土地+建物),和睦村中山路五段379巷1~30號,1090713,土地1建物1車位0,全,二層,透天厝,40,104.06,3,2,2,有,無,3300000,31712,0,0432
房地(土地+建物),和睦村中山路五段379巷1~30號,1100122,土地1建物1車位0,全,二層,透天厝,41,104.06,3,2,2,有,無,3900000,37478,0,0432
土地,雙援段331~360地號,1091014,土地3建物0車位0,,,其他,-1,0.0,0,0,0,有,無,3600000,5774,0,0433
土地,雙援段331~360地號,1100126,土地4建物0車位0,,,其他,-1,0.0,0,0,0,有,無,2950000,5859,0,0433
房地(土地+建物),嘉義縣民雄鄉興南村頭橋721~750號,1060327,土地2建物1車位0,五層,五層,公寓(5樓含以下無電梯),24,100.69,2,2,2,有,無,1300000,12911,0,0434
房地(土地+建物),嘉義縣民雄鄉興南村頭橋721~750號,1070620,土地2建物1車位0,五層,五層,公寓(5樓含以下無電梯),26,100.69,3,2,2,有,無,2100000,20856,0,0434
房地(土地+建物),興南村頭橋721~750號,1100117,土地2建物1車位0,五層,五層,公寓(5樓含以下無電梯),28,100.69,3,2,2,有,無,3200000,31781,0,0434
土地,樟樹坪段571~600地號,1020401,土地3建物0車位0,,,其他,-1,0.0,0,0,0,有,無,913000,161,0,0435
土地,樟樹坪段1201~1230地號,1100204,土地2建物0車位0,,,其他,-1,0.0,0,0,0,有,無,2000000,475,0,0435
房地(土地+建物),柳新村2鄰柳子林路841~870號,1090624,土地1建物1車位0,全,二層,透天厝,39,108.79,3,2,2,有,無,2300000,21142,0,0436
房地(土地+建物),柳新村柳子林841~870號,1100125,土地1建物1車位0,全,二層,透天厝,40,108.79,4,2,3,有,無,3200000,29414,0,0436
土地,六腳段六南小段91~120地號,1090131,土地1建物0車位0,,,其他,0,0.0,0,0,0,有,無,1247777,973,0,0437
土地,六腳段六南小段91~120地號,1100218,土地1建物0車位0,,,其他,-1,0.0,0,0,0,有,無,1600000,1248,0,0437
土地,六興段421~450地號,1100125,土地1建物0車位0,,,其他,-1,0.0,0,0,0,有,無,300000,12346,0,0438
土地,六興段421~450地號,1100125,土地1建物0車位0,,,其他,-1,0.0,0,0,0,有,無,550000,11315,0,0438
土地,嘉塭段961~990地號,1090925,土地4建物0車位0,,,其他,-1,0.0,0,0,0,有,無,517750,7550,0,0440
土地,嘉塭段931~960地號,1100220,土地2建物0車位0,,,其他,-1,0.0,0,0,0,有,無,241670,7864,0,0440
房地(土地+建物)+車位,嘉義縣太保市春珠里保鐵一路二段91~120號,1060531,土地1建物1車位2,十層,十五層,住宅大樓(11層含以上有電梯),0,247.61,4,2,2,有,有,9680000,43592,1490000,0441
房地(土地+建物)+車位,春珠里保鐵一路二段91~120號,1100218,土地1建物1車位2,十層,十五層,住宅大樓(11層含以上有電梯),4,247.61,3,1,2,有,有,10100000,40790,0,0441
土地,溪心段331~360地號,1090608,土地1建物0車位0,,,其他,-1,0.0,0,0,0,有,無,550000,1784,0,0442
土地,溪心段331~360地號,1091116,土地1建物0車位0,,,其他,-1,0.0,0,0,0,有,無,59617,2900,0,0442
土地,溪心段331~360地號,1091116,土地1建物0車位0,,,其他,-1,0.0,0,0,0,有,無,59617,2900,0,0442
土地,溪心段331~360地號,1091116,土地1建物0車位0,,,其他,-1,0.0,0,0,0,有,無,23847,2901,0,0442
土地,溪心段331~360地號,1091116,土地1建物0車位0,,,其他,-1,0.0,0,0,0,有,無,23847,2901,0,0442
土地,溪心段331~360地號,1091116,土地1建物0車位0,,,其他,-1,0.0,0,0,0,有,無,4769,2908,0,0442
土地,溪心段331~360地號,1091116,土地1建物0車位0,,,其他,-1,0.0,0,0,0,有,無,4769,2908,0,0442
土地,溪心段331~360地號,1091116,土地1建物0車位0,,,其他,-1,0.0,0,0,0,有,無,23847,2901,0,0442
土地,溪心段331~360地號,1090918,土地1建物0車位0,,,其他,-1,0.0,0,0,0,有,無,518078,2520,0,0442
土地,大坪段571~600地號,1091004,土地1建物0車位0,,,其他,-1,0.0,0,0,0,有,無,1350000,917,0,0443
土地,大坪段571~600地號,1100221,土地1建物0車位0,,,其他,-1,0.0,0,0,0,有,無,700000,792,0,0443
土地,新番子寮段1501~1530地號,1090619,土地2建物0車位0,,,其他,-1,0.0,0,0,0,有,無,1568960,6704,0,0444
土地,新番子寮段1501~1530地號,1100201,土地2建物0車位0,,,其他,-1,0.0,0,0,0,有,無,2500000,6914,0,0444
土地,灣內段灣內小段721~750地號,1050205,土地1建物0車位0,,,其他,0,0.0,0,0,0,有,無,500000,560,0,0445
土地,灣內段灣內小段721~750地號,1050224,土地1建物0車位0,,,其他,0,0.0,0,0,0,有,無,530000,594,0,0445
土地,灣內段灣內小段721~750地號,1100217,土地1建物0車位0,,,其他,-1,0.0,0,0,0,有,無,1000000,1120,0,0445
